<!--

Aikon Squared (Aikon2) LCD Pro by Justin 'juzmental' Trevena.

-->


<component name="systray-tooltip">
	<mainregion usebitmap="1"></mainregion>

	<background name="upperleft" transred="255" transgreen="0" transblue="255">
		<source name="aimodegfx" left="0" top="0" right="37"  bottom="10"/>
		<rect>
			<left num="0" width="0"/>
			<top num="0" height="0"/>
			<right num="37" width="0"/>
			<bottom num="10" height="0"/>
		</rect>
	</background>
	<background name="upper" transred="255" transgreen="0" transblue="255">
		<source name="aimodegfx" left="37" top="0" right="64" bottom="10"/>
		<rect>
			<left num="37" width="0"/>
			<top num="0" height="0"/>
			<right num="9" width="1"/>
			<bottom num="10" height="0"/>
		</rect>
	</background>
	<background name="upperright" transred="255" transgreen="0" transblue="255">
		<source name="aimodegfx" left="115" top="0" right="124" bottom="10"/>
		<rect>
			<left num="9" width="1"/>
			<top num="0" height="0"/>
			<right num="0" width="1"/>
			<bottom num="10" height="0"/>
		</rect>
	</background>

	<background name="left" transred="255" transgreen="0" transblue="255">
		<source name="aimodegfx" left="0" top="17" right="6" bottom="42"/>
		<rect>
			<left num="0" width="0"/>
			<top num="10" height="0"/>
			<right num="6" width="0"/>
			<bottom num="1xx0" height="1"/>
		</rect>
	</background>
	<background name="right" transred="255" transgreen="0" transblue="255">
		<source name="aimodegfx" left="121" top="14" right="124" bottom="32"/>
		<rect>
			<left num="3" width="1"/>
			<top num="10" height="0"/>
			<right num="0" width="1"/>
			<bottom num="1xxx0" height="1"/>
		</rect>
	</background>

	<background name="lowerleft" transred="255" transgreen="0" transblue="255">
		<source name="aimodegfx" left="0" top="64" right="11" bottom="74"/>
		<rect>
			<left num="0" width="0"/>
			<top num="10" height="1"/>
			<right num="11" width="0"/>
			<bottom num="0" height="1"/>
		</rect>
	</background>
	<background name="lower" transred="255" transgreen="0" transblue="255">
		<source name="aimodegfx" left="47" top="67" right="81" bottom="74"/>
		<rect>
			<left num="11" width="0"/>
			<top num="7" height="1"/>
			<right num="11" width="1"/>
			<bottom num="0" height="1"/>
		</rect>
	</background>
	<background name="lowerright" transred="255" transgreen="0" transblue="255">
		<source name="aimodegfx" left="113" top="64" right="124" bottom="74"/>
		<rect>
			<left num="11" width="1"/>
			<top num="10" height="1"/>
			<right num="0" width="1"/>
			<bottom num="0" height="1"/>
		</rect>
	</background>

	<color red="165" green="183" blue="143">
		<rect>
			<left num="6" width="0"/>
			<top num="9" height="0"/>
			<right num="3" width="1"/>
			<bottom num="6" height="1"/>
		</rect>
	</color>

	<icontrol source="SystrayNotification" name="tooltip" visible="1">
		<rect>
			<left num="18" width="0"/>
			<right num="10" width="1"/>
			<top num="16" height="0"/>
			<bottom num="10" height="1"/>
		</rect>
	</icontrol>

</component>