<!--

Aikon Squared (Aikon2) LCD Pro by Justin 'juzmental' Trevena.

-->

<!-- Mobile and ActiveBuddy -->

 <icon type="activebuddy" state="normal"><source name="buddystatusicons-normal" left="54" top="216" right="72" bottom="234"/></icon>
 <icon type="activebuddy" state="hover"><source name="buddystatusicons-hover" left="54" top="216" right="72" bottom="234"/></icon>
 <icon type="activebuddy" state="select"><source name="buddystatusicons-select" left="54" top="216" right="72" bottom="234"/></icon>

 <icon type="mobile" state="normal"><source name="buddystatusicons-normal" left="0" top="198" right="18" bottom="216"/></icon>
 <icon type="mobile" state="hover"><source name="buddystatusicons-hover" left="0" top="198" right="18" bottom="216"/></icon>
 <icon type="mobile" state="select"><source name="buddystatusicons-select" left="0" top="198" right="18" bottom="216"/></icon>

<!-- ICQ Buddy Icons -->

 <icon name="ICQ" type="recent-online" state="normal"> <source name="buddystatusicons-normal" left="18" top="0" right="36" bottom="18"/> </icon>
 <icon name="ICQ" type="recent-offline" state="normal"> <source name="buddystatusicons-normal" left="18" top="18" right="36" bottom="36"/> </icon>
 <icon name="ICQ" type="multi" state="normal"> <source name="buddystatusicons-normal"	 left="18" top="36" right="36" bottom="54"/> </icon>
 <icon name="ICQ" type="idle" state="normal"> <source name="buddystatusicons-normal" left="18" top="54" right="36" bottom="72"/> </icon>
 <icon name="ICQ" type="online" state="normal"> <source name="buddystatusicons-normal" left="18" top="72" right="36" bottom="90"/> </icon>
 <icon name="ICQ" type="free for chat" state="normal"> <source name="buddystatusicons-normal" left="18" top="90" right="36" bottom="108"/> </icon>
 <icon name="ICQ" type="away" state="normal"> <source name="buddystatusicons-normal" left="18" top="108" right="36" bottom="126"/> </icon>
 <icon name="ICQ" type="not available" state="normal"> <source name="buddystatusicons-normal" left="18" top="126" right="36" bottom="144"/> </icon>
 <icon name="ICQ" type="occupied" state="normal"> <source name="buddystatusicons-normal" left="18" top="144" right="36" bottom="162"/> </icon>
 <icon name="ICQ" type="dnd" state="normal"> <source name="buddystatusicons-normal" left="18" top="162" right="36" bottom="180"/> </icon>
 <icon name="ICQ" type="invisible" state="normal"> <source name="buddystatusicons-normal" left="18" top="180" right="36" bottom="198"/> </icon>
 <icon name="ICQ" type="offline" state="normal"> <source name="buddystatusicons-normal" left="18" top="198" right="36" bottom="216"/> </icon>

 <icon name="ALL" type="event" state="normal"> <source name="buddystatusicons-normal" left="0" top="288" right="18" bottom="306"/> </icon>


 <icon name="ICQ" type="recent-online" state="hover"> <source name="buddystatusicons-hover" left="18" top="0" right="36" bottom="18"/> </icon>
 <icon name="ICQ" type="recent-offline" state="hover"> <source name="buddystatusicons-hover" left="18" top="18" right="36" bottom="36"/> </icon>
 <icon name="ICQ" type="multi" state="hover"> <source name="buddystatusicons-hover"	 left="18" top="36" right="36" bottom="54"/> </icon>
 <icon name="ICQ" type="idle" state="hover"> <source name="buddystatusicons-hover" left="18" top="54" right="36" bottom="72"/> </icon>
 <icon name="ICQ" type="online" state="hover"> <source name="buddystatusicons-hover" left="18" top="72" right="36" bottom="90"/> </icon>
 <icon name="ICQ" type="free for chat" state="hover"> <source name="buddystatusicons-hover" left="18" top="90" right="36" bottom="108"/> </icon>
 <icon name="ICQ" type="away" state="hover"> <source name="buddystatusicons-hover" left="18" top="108" right="36" bottom="126"/> </icon>
 <icon name="ICQ" type="not available" state="hover"> <source name="buddystatusicons-hover" left="18" top="126" right="36" bottom="144"/> </icon>
 <icon name="ICQ" type="occupied" state="hover"> <source name="buddystatusicons-hover" left="18" top="144" right="36" bottom="162"/> </icon>
 <icon name="ICQ" type="dnd" state="hover"> <source name="buddystatusicons-hover" left="18" top="162" right="36" bottom="180"/> </icon>
 <icon name="ICQ" type="invisible" state="hover"> <source name="buddystatusicons-hover" left="18" top="180" right="36" bottom="198"/> </icon>
 <icon name="ICQ" type="offline" state="hover"> <source name="buddystatusicons-hover" left="18" top="198" right="36" bottom="216"/> </icon>

 <icon name="ALL" type="event" state="hover"> <source name="buddystatusicons-hover" left="0" top="288" right="18" bottom="306"/> </icon>


 <icon name="ICQ" type="recent-online" state="select"> <source name="buddystatusicons-select" left="18" top="0" right="36" bottom="18"/> </icon>
 <icon name="ICQ" type="recent-offline" state="select"> <source name="buddystatusicons-select" left="18" top="18" right="36" bottom="36"/> </icon>
 <icon name="ICQ" type="multi" state="select"> <source name="buddystatusicons-select"	 left="18" top="36" right="36" bottom="54"/> </icon>
 <icon name="ICQ" type="idle" state="select"> <source name="buddystatusicons-select" left="18" top="54" right="36" bottom="72"/> </icon>
 <icon name="ICQ" type="online" state="select"> <source name="buddystatusicons-select" left="18" top="72" right="36" bottom="90"/> </icon>
 <icon name="ICQ" type="free for chat" state="select"> <source name="buddystatusicons-select" left="18" top="90" right="36" bottom="108"/> </icon>
 <icon name="ICQ" type="away" state="select"> <source name="buddystatusicons-select" left="18" top="108" right="36" bottom="126"/> </icon>
 <icon name="ICQ" type="not available" state="select"> <source name="buddystatusicons-select" left="18" top="126" right="36" bottom="144"/> </icon>
 <icon name="ICQ" type="occupied" state="select"> <source name="buddystatusicons-select" left="18" top="144" right="36" bottom="162"/> </icon>
 <icon name="ICQ" type="dnd" state="select"> <source name="buddystatusicons-select" left="18" top="162" right="36" bottom="180"/> </icon>
 <icon name="ICQ" type="invisible" state="select"> <source name="buddystatusicons-select" left="18" top="180" right="36" bottom="198"/> </icon>
 <icon name="ICQ" type="offline" state="select"> <source name="buddystatusicons-select" left="18" top="198" right="36" bottom="216"/> </icon>

 <icon name="ALL" type="event" state="select"> <source name="buddystatusicons-select" left="0" top="288" right="18" bottom="306"/> </icon>


<!-- Warning Block Alert Icons -->

 <icon name="ALL" type="warning" state="normal"> <source name="buddystatusicons-normal" left="0" top="126" right="18" bottom="144"/> </icon>
 <icon name="ALL" type="block" state="normal"> <source name="buddystatusicons-normal" left="0" top="144" right="18" bottom="162"/> </icon>
 <icon name="ALL" type="alert" state="normal"> <source name="buddystatusicons-normal" left="0" top="162" right="18" bottom="180"/> </icon>

 <icon name="ALL" type="warning" state="hover">	<source name="buddystatusicons-hover" left="0" top="126" right="18" bottom="144"/> </icon>
 <icon name="ALL" type="block" state="hover"> <source name="buddystatusicons-hover" left="0" top="144" right="18" bottom="162"/> </icon>
 <icon name="ALL" type="alert" state="hover"> <source name="buddystatusicons-hover" left="0" top="162" right="18" bottom="180"/> </icon>

 <icon name="ALL" type="warning" state="select"> <source name="buddystatusicons-select" left="0" top="126" right="18" bottom="144"/> </icon>
 <icon name="ALL" type="block" state="select"> <source name="buddystatusicons-select" left="0" top="144" right="18" bottom="162"/> </icon>
 <icon name="ALL" type="alert" state="select"> <source name="buddystatusicons-select" left="0" top="162" right="18" bottom="180"/> </icon>




<!-- AIM Buddy Status Icons -->

 <icon name="AIM" type="recent-online"	state="normal"> <source name="buddystatusicons-normal" left="0" top="0" right="18" bottom="18"/> </icon>
 <icon name="AIM" type="recent-offline" state="normal"> <source name="buddystatusicons-normal" left="0" top="18" right="18" bottom="36"/> </icon>
 <icon name="AIM" type="multi" state="normal"> <source name="buddystatusicons-normal" left="0" top="36" right="18" bottom="54"/> </icon>
 <icon name="AIM" type="idle" state="normal"> <source name="buddystatusicons-normal" left="0" top="54" right="18" bottom="72"/> </icon>
 <icon name="AIM" type="online" state="normal"> <source name="buddystatusicons-normal" left="0" top="72" right="18" bottom="90"/> </icon>
 <icon name="AIM" type="away" state="normal"> <source name="buddystatusicons-normal" left="0" top="90" right="18" bottom="108"/> </icon>
 <icon name="AIM" type="offline" state="normal"> <source name="buddystatusicons-normal" left="0" top="108" right="18" bottom="126"/> </icon>

 <icon name="AIM" type="recent-online"	state="hover"> <source name="buddystatusicons-hover" left="0" top="0" right="18" bottom="18"/> </icon>
 <icon name="AIM" type="recent-offline" state="hover"> <source name="buddystatusicons-hover" left="0" top="18" right="18" bottom="36"/> </icon>
 <icon name="AIM" type="multi" state="hover"> <source name="buddystatusicons-hover" left="0" top="36" right="18" bottom="54"/> </icon>
 <icon name="AIM" type="idle" state="hover"> <source name="buddystatusicons-hover" left="0" top="54" right="18" bottom="72"/> </icon>
 <icon name="AIM" type="online" state="hover"> <source name="buddystatusicons-hover" left="0" top="72" right="18" bottom="90"/> </icon>
 <icon name="AIM" type="away" state="hover"> <source name="buddystatusicons-hover" left="0" top="90" right="18" bottom="108"/> </icon>
 <icon name="AIM" type="offline" state="hover"> <source name="buddystatusicons-hover" left="0" top="108" right="18" bottom="126"/> </icon>

 <icon name="AIM" type="recent-online"	state="select"> <source name="buddystatusicons-select" left="0" top="0" right="18" bottom="18"/> </icon>
 <icon name="AIM" type="recent-offline" state="select"> <source name="buddystatusicons-select" left="0" top="18" right="18" bottom="36"/> </icon>
 <icon name="AIM" type="multi" state="select"> <source name="buddystatusicons-select" left="0" top="36" right="18" bottom="54"/> </icon>
 <icon name="AIM" type="idle" state="select"> <source name="buddystatusicons-select" left="0" top="54" right="18" bottom="72"/> </icon>
 <icon name="AIM" type="online" state="select"> <source name="buddystatusicons-select" left="0" top="72" right="18" bottom="90"/> </icon>
 <icon name="AIM" type="away" state="select"> <source name="buddystatusicons-select" left="0" top="90" right="18" bottom="108"/> </icon>
 <icon name="AIM" type="offline" state="select"> <source name="buddystatusicons-select" left="0" top="108" right="18" bottom="126"/> </icon>

<!-- MSN Buddy Status Icons -->

 <icon name="MSN" type="recent-online" state="normal"> <source name="buddystatusicons-normal" left="54" top="0" right="72" bottom="18"/> </icon>
 <icon name="MSN" type="recent-offline" state="normal"> <source name="buddystatusicons-normal" left="54" top="18" right="72" bottom="36"/> </icon>
 <icon name="MSN" type="multi" state="normal"> <source name="buddystatusicons-normal" left="54" top="36" right="72" bottom="54"/> </icon>
 <icon name="MSN" type="idle" state="normal"> <source name="buddystatusicons-normal" left="54" top="54" right="72" bottom="72"/> </icon>
 <icon name="MSN" type="online" state="normal"> <source name="buddystatusicons-normal" left="54" top="72" right="72" bottom="90"/> </icon>
 <icon name="MSN" type="busy" state="normal"> <source name="buddystatusicons-normal" left="54" top="90" right="72" bottom="108"/> </icon>
 <icon name="MSN" type="away" state="normal"> <source name="buddystatusicons-normal" left="54" top="108" right="72" bottom="126"/> </icon>
 <icon name="MSN" type="be right back" state="normal"> <source name="buddystatusicons-normal" left="54" top="126" right="72" bottom="144"/> </icon>
 <icon name="MSN" type="on the phone" state="normal"> <source name="buddystatusicons-normal" left="54" top="144" right="72" bottom="162"/> </icon>
 <icon name="MSN" type="out to lunch" state="normal"> <source name="buddystatusicons-normal" left="54" top="162" right="72" bottom="180"/> </icon>
 <icon name="MSN" type="appear offline" state="normal"> <source name="buddystatusicons-normal" left="54" top="180" right="72" bottom="198"/> </icon>
 <icon name="MSN" type="offline" state="normal"> <source name="buddystatusicons-normal" left="54" top="198" right="72" bottom="216"/> </icon>

 <icon name="MSN" type="recent-online" state="hover"> <source name="buddystatusicons-hover" left="54" top="0" right="72" bottom="18"/> </icon>
 <icon name="MSN" type="recent-offline" state="hover"> <source name="buddystatusicons-hover" left="54" top="18" right="72" bottom="36"/> </icon>
 <icon name="MSN" type="multi" state="hover"> <source name="buddystatusicons-hover" left="54" top="36" right="72" bottom="54"/> </icon>
 <icon name="MSN" type="idle" state="hover"> <source name="buddystatusicons-hover" left="54" top="54" right="72" bottom="72"/> </icon>
 <icon name="MSN" type="online" state="hover"> <source name="buddystatusicons-hover" left="54" top="72" right="72" bottom="90"/> </icon>
 <icon name="MSN" type="busy" state="hover"> <source name="buddystatusicons-hover" left="54" top="90" right="72" bottom="108"/> </icon>
 <icon name="MSN" type="away" state="hover"> <source name="buddystatusicons-hover" left="54" top="108" right="72" bottom="126"/> </icon>
 <icon name="MSN" type="be right back" state="hover"> <source name="buddystatusicons-hover" left="54" top="126" right="72" bottom="144"/> </icon>
 <icon name="MSN" type="on the phone" state="hover"> <source name="buddystatusicons-hover" left="54" top="144" right="72" bottom="162"/> </icon>
 <icon name="MSN" type="out to lunch" state="hover"> <source name="buddystatusicons-hover" left="54" top="162" right="72" bottom="180"/> </icon>
 <icon name="MSN" type="appear offline" state="hover"> <source name="buddystatusicons-hover" left="54" top="180" right="72" bottom="198"/> </icon>
 <icon name="MSN" type="offline" state="hover"> <source name="buddystatusicons-hover" left="54" top="198" right="72" bottom="216"/> </icon>

 <icon name="MSN" type="recent-online" state="select"> <source name="buddystatusicons-select" left="54" top="0" right="72" bottom="18"/> </icon>
 <icon name="MSN" type="recent-offline" state="select"> <source name="buddystatusicons-select" left="54" top="18" right="72" bottom="36"/> </icon>
 <icon name="MSN" type="multi" state="select"> <source name="buddystatusicons-select" left="54" top="36" right="72" bottom="54"/> </icon>
 <icon name="MSN" type="idle" state="select"> <source name="buddystatusicons-select" left="54" top="54" right="72" bottom="72"/> </icon>
 <icon name="MSN" type="online" state="select"> <source name="buddystatusicons-select" left="54" top="72" right="72" bottom="90"/> </icon>
 <icon name="MSN" type="busy" state="select"> <source name="buddystatusicons-select" left="54" top="90" right="72" bottom="108"/> </icon>
 <icon name="MSN" type="away" state="select"> <source name="buddystatusicons-select" left="54" top="108" right="72" bottom="126"/> </icon>
 <icon name="MSN" type="be right back" state="select"> <source name="buddystatusicons-select" left="54" top="126" right="72" bottom="144"/> </icon>
 <icon name="MSN" type="on the phone" state="select"> <source name="buddystatusicons-select" left="54" top="144" right="72" bottom="162"/> </icon>
 <icon name="MSN" type="out to lunch" state="select"> <source name="buddystatusicons-select" left="54" top="162" right="72" bottom="180"/> </icon>
 <icon name="MSN" type="appear offline" state="select"> <source name="buddystatusicons-select" left="54" top="180" right="72" bottom="198"/> </icon>
 <icon name="MSN" type="offline" state="select"> <source name="buddystatusicons-select" left="54" top="198" right="72" bottom="216"/> </icon>


<!-- IRC Buddy Status Icons -->

 <icon name="IRC" type="recent-online" state="normal"> <source name="buddystatusicons-normal" left="36" top="0" right="54" bottom="18"/> </icon>
 <icon name="IRC" type="recent-offline" state="normal"> <source name="buddystatusicons-normal" left="36" top="18" right="54" bottom="36"/> </icon>
 <icon name="IRC" type="multi" state="normal"> <source name="buddystatusicons-normal" left="36" top="36" right="54" bottom="54"/> </icon>
 <icon name="IRC" type="idle" state="normal"> <source name="buddystatusicons-normal" left="36" top="54" right="54" bottom="72"/> </icon>
 <icon name="IRC" type="online" state="normal"> <source name="buddystatusicons-normal" left="36" top="72" right="54" bottom="90"/> </icon>
 <icon name="IRC" type="away" state="normal"> <source name="buddystatusicons-normal" left="36" top="90" right="54" bottom="108"/> </icon>
 <icon name="IRC" type="offline" state="normal"> <source name="buddystatusicons-normal" left="36" top="108" right="54" bottom="126"/> </icon>
 <icon name="IRC" type="maybe" state="normal"> <source name="buddystatusicons-normal" left="36" top="126" right="54" bottom="144"/> </icon>

 <icon name="IRC" type="recent-online" state="hover"> <source name="buddystatusicons-hover" left="36" top="0" right="54" bottom="18"/> </icon>
 <icon name="IRC" type="recent-offline" state="hover"> <source name="buddystatusicons-hover" left="36" top="18" right="54" bottom="36"/> </icon>
 <icon name="IRC" type="multi" state="hover"> <source name="buddystatusicons-hover" left="36" top="36" right="54" bottom="54"/> </icon>
 <icon name="IRC" type="idle" state="hover"> <source name="buddystatusicons-hover" left="36" top="54" right="54" bottom="72"/> </icon>
 <icon name="IRC" type="online" state="hover"> <source name="buddystatusicons-hover" left="36" top="72" right="54" bottom="90"/> </icon>
 <icon name="IRC" type="away" state="hover"> <source name="buddystatusicons-hover" left="36" top="90" right="54" bottom="108"/> </icon>
 <icon name="IRC" type="offline" state="hover"> <source name="buddystatusicons-hover" left="36" top="108" right="54" bottom="126"/> </icon>
 <icon name="IRC" type="maybe" state="hover"> <source name="buddystatusicons-hover" left="36" top="126" right="54" bottom="144"/> </icon>

 <icon name="IRC" type="recent-online" state="select"> <source name="buddystatusicons-select" left="36" top="0" right="54" bottom="18"/> </icon>
 <icon name="IRC" type="recent-offline" state="select"> <source name="buddystatusicons-select" left="36" top="18" right="54" bottom="36"/> </icon>
 <icon name="IRC" type="multi" state="select"> <source name="buddystatusicons-select" left="36" top="36" right="54" bottom="54"/> </icon>
 <icon name="IRC" type="idle" state="select"> <source name="buddystatusicons-select" left="36" top="54" right="54" bottom="72"/> </icon>
 <icon name="IRC" type="online" state="select"> <source name="buddystatusicons-select" left="36" top="72" right="54" bottom="90"/> </icon>
 <icon name="IRC" type="away" state="select"> <source name="buddystatusicons-select" left="36" top="90" right="54" bottom="108"/> </icon>
 <icon name="IRC" type="offline" state="select"> <source name="buddystatusicons-select" left="36" top="108" right="54" bottom="126"/> </icon>
 <icon name="IRC" type="maybe" state="select"> <source name="buddystatusicons-select" left="36" top="126" right="54" bottom="144"/> </icon>

<!-- Yahoo Buddy Status Icons -->

 <icon name="YAHOO" type="recent-online" state="normal"> <source name="buddystatusicons-normal" left="72" top="0" right="90" bottom="18"/> </icon>
 <icon name="YAHOO" type="recent-offline" state="normal"> <source name="buddystatusicons-normal" left="72" top="18" right="90" bottom="36"/> </icon>
 <icon name="YAHOO" type="multi" state="normal"> <source name="buddystatusicons-normal" left="72" top="36" right="90" bottom="54"/> </icon>
 <icon name="YAHOO" type="idle" state="normal"> <source name="buddystatusicons-normal" left="72" top="54" right="90" bottom="72"/> </icon>
 <icon name="YAHOO" type="online" state="normal"> <source name="buddystatusicons-normal" left="72" top="72" right="90" bottom="90"/> </icon>
 <icon name="YAHOO" type="be right back" state="normal"> <source name="buddystatusicons-normal" left="72" top="90" right="90" bottom="108"/> </icon>
 <icon name="YAHOO" type="busy" state="normal"> <source name="buddystatusicons-normal" left="72" top="108" right="90" bottom="126"/> </icon>
 <icon name="YAHOO" type="away" state="normal"> <source name="buddystatusicons-normal" left="72" top="126" right="90" bottom="144"/> </icon>
 <icon name="YAHOO" type="not at home" state="normal"> <source name="buddystatusicons-normal" left="72" top="144" right="90" bottom="162"/> </icon>
 <icon name="YAHOO" type="not at my desk" state="normal"> <source name="buddystatusicons-normal" left="72" top="162" right="90" bottom="180"/> </icon>
 <icon name="YAHOO" type="not in the office" state="normal"> <source name="buddystatusicons-normal" left="72" top="180" right="90" bottom="198"/> </icon>
 <icon name="YAHOO" type="on the phone" state="normal"> <source name="buddystatusicons-normal" left="72" top="198" right="90" bottom="216"/> </icon>
 <icon name="YAHOO" type="on vacation" state="normal"> <source name="buddystatusicons-normal" left="72" top="216" right="90" bottom="234"/> </icon>
 <icon name="YAHOO" type="out to lunch" state="normal"> <source name="buddystatusicons-normal" left="72" top="234" right="90" bottom="252"/> </icon>
 <icon name="YAHOO" type="stepped out" state="normal"> <source name="buddystatusicons-normal" left="72" top="252" right="90" bottom="270"/> </icon>
 <icon name="YAHOO" type="invisible" state="normal"> <source name="buddystatusicons-normal" left="72" top="270" right="90" bottom="288"/> </icon>
 <icon name="YAHOO" type="offline" state="normal"> <source name="buddystatusicons-normal" left="72" top="288" right="90" bottom="306"/> </icon>

 <icon name="YAHOO" type="recent-online" state="hover"> <source name="buddystatusicons-hover" left="72" top="0" right="90" bottom="18"/> </icon>
 <icon name="YAHOO" type="recent-offline" state="hover"> <source name="buddystatusicons-hover" left="72" top="18" right="90" bottom="36"/> </icon>
 <icon name="YAHOO" type="multi" state="hover"> <source name="buddystatusicons-hover" left="72" top="36" right="90" bottom="54"/> </icon>
 <icon name="YAHOO" type="idle" state="hover"> <source name="buddystatusicons-hover" left="72" top="54" right="90" bottom="72"/> </icon>
 <icon name="YAHOO" type="online" state="hover"> <source name="buddystatusicons-hover" left="72" top="72" right="90" bottom="90"/> </icon>
 <icon name="YAHOO" type="be right back" state="hover"> <source name="buddystatusicons-hover" left="72" top="90" right="90" bottom="108"/> </icon>
 <icon name="YAHOO" type="busy" state="hover"> <source name="buddystatusicons-hover" left="72" top="108" right="90" bottom="126"/> </icon>
 <icon name="YAHOO" type="away" state="hover"> <source name="buddystatusicons-hover" left="72" top="126" right="90" bottom="144"/> </icon>
 <icon name="YAHOO" type="not at home" state="hover"> <source name="buddystatusicons-hover" left="72" top="144" right="90" bottom="162"/> </icon>
 <icon name="YAHOO" type="not at my desk" state="hover"> <source name="buddystatusicons-hover" left="72" top="162" right="90" bottom="180"/> </icon>
 <icon name="YAHOO" type="not in the office" state="hover"> <source name="buddystatusicons-hover" left="72" top="180" right="90" bottom="198"/> </icon>
 <icon name="YAHOO" type="on the phone" state="hover"> <source name="buddystatusicons-hover" left="72" top="198" right="90" bottom="216"/> </icon>
 <icon name="YAHOO" type="on vacation" state="hover"> <source name="buddystatusicons-hover" left="72" top="216" right="90" bottom="234"/> </icon>
 <icon name="YAHOO" type="out to lunch" state="hover"> <source name="buddystatusicons-hover" left="72" top="234" right="90" bottom="252"/> </icon>
 <icon name="YAHOO" type="stepped out" state="hover"> <source name="buddystatusicons-hover" left="72" top="252" right="90" bottom="270"/> </icon>
 <icon name="YAHOO" type="invisible" state="hover"> <source name="buddystatusicons-hover" left="72" top="270" right="90" bottom="288"/> </icon>
 <icon name="YAHOO" type="offline" state="hover"> <source name="buddystatusicons-hover" left="72" top="288" right="90" bottom="306"/> </icon>

 <icon name="YAHOO" type="recent-online" state="select"> <source name="buddystatusicons-select" left="72" top="0" right="90" bottom="18"/> </icon>
 <icon name="YAHOO" type="recent-offline" state="select"> <source name="buddystatusicons-select" left="72" top="18" right="90" bottom="36"/> </icon>
 <icon name="YAHOO" type="multi" state="select"> <source name="buddystatusicons-select" left="72" top="36" right="90" bottom="54"/> </icon>
 <icon name="YAHOO" type="idle" state="select"> <source name="buddystatusicons-select" left="72" top="54" right="90" bottom="72"/> </icon>
 <icon name="YAHOO" type="online" state="select"> <source name="buddystatusicons-select" left="72" top="72" right="90" bottom="90"/> </icon>
 <icon name="YAHOO" type="be right back" state="select"> <source name="buddystatusicons-select" left="72" top="90" right="90" bottom="108"/> </icon>
 <icon name="YAHOO" type="busy" state="select"> <source name="buddystatusicons-select" left="72" top="108" right="90" bottom="126"/> </icon>
 <icon name="YAHOO" type="away" state="select"> <source name="buddystatusicons-select" left="72" top="126" right="90" bottom="144"/> </icon>
 <icon name="YAHOO" type="not at home" state="select"> <source name="buddystatusicons-select" left="72" top="144" right="90" bottom="162"/> </icon>
 <icon name="YAHOO" type="not at my desk" state="select"> <source name="buddystatusicons-select" left="72" top="162" right="90" bottom="180"/> </icon>
 <icon name="YAHOO" type="not in the office" state="select"> <source name="buddystatusicons-select" left="72" top="180" right="90" bottom="198"/> </icon>
 <icon name="YAHOO" type="on the phone" state="select"> <source name="buddystatusicons-select" left="72" top="198" right="90" bottom="216"/> </icon>
 <icon name="YAHOO" type="on vacation" state="select"> <source name="buddystatusicons-select" left="72" top="216" right="90" bottom="234"/> </icon>
 <icon name="YAHOO" type="out to lunch" state="select"> <source name="buddystatusicons-select" left="72" top="234" right="90" bottom="252"/> </icon>
 <icon name="YAHOO" type="stepped out" state="select"> <source name="buddystatusicons-select" left="72" top="252" right="90" bottom="270"/> </icon>
 <icon name="YAHOO" type="invisible" state="select"> <source name="buddystatusicons-select" left="72" top="270" right="90" bottom="288"/> </icon>
 <icon name="YAHOO" type="offline" state="select"> <source name="buddystatusicons-select" left="72" top="288" right="90" bottom="306"/> </icon>




<!-- META Buddy Status Icons - Trillian Pro 1 -->

 <icon name="META" type="recent-online"	state="normal"> <source name="metastatusicons-normal" left="0" top="0" right="18" bottom="18"/> </icon>
 <icon name="META" type="recent-offline" state="normal"> <source name="metastatusicons-normal" left="0" top="18" right="18" bottom="36"/> </icon>
 <icon name="META" type="multi" state="normal"> <source name="metastatusicons-normal" left="0" top="36" right="18" bottom="54"/> </icon>
 <icon name="META" type="idle" state="normal"> <source name="metastatusicons-normal" left="0" top="54" right="18" bottom="72"/> </icon>
 <icon name="META" type="online" state="normal"> <source name="metastatusicons-normal" left="0" top="72" right="18" bottom="90"/> </icon>
 <icon name="META" type="away" state="normal"> <source name="metastatusicons-normal" left="0" top="90" right="18" bottom="108"/> </icon>
 <icon name="META" type="offline" state="normal"> <source name="metastatusicons-normal" left="0" top="108" right="18" bottom="126"/> </icon>

 <icon name="META" type="recent-online"	state="hover"> <source name="metastatusicons-hover" left="0" top="0" right="18" bottom="18"/> </icon>
 <icon name="META" type="recent-offline" state="hover"> <source name="metastatusicons-hover" left="0" top="18" right="18" bottom="36"/> </icon>
 <icon name="META" type="multi" state="hover"> <source name="metastatusicons-hover" left="0" top="36" right="18" bottom="54"/> </icon>
 <icon name="META" type="idle" state="hover"> <source name="metastatusicons-hover" left="0" top="54" right="18" bottom="72"/> </icon>
 <icon name="META" type="online" state="hover"> <source name="metastatusicons-hover" left="0" top="72" right="18" bottom="90"/> </icon>
 <icon name="META" type="away" state="hover"> <source name="metastatusicons-hover" left="0" top="90" right="18" bottom="108"/> </icon>
 <icon name="META" type="offline" state="hover"> <source name="metastatusicons-hover" left="0" top="108" right="18" bottom="126"/> </icon>

 <icon name="META" type="recent-online"	state="select"> <source name="metastatusicons-select" left="0" top="0" right="18" bottom="18"/> </icon>
 <icon name="META" type="recent-offline" state="select"> <source name="metastatusicons-select" left="0" top="18" right="18" bottom="36"/> </icon>
 <icon name="META" type="multi" state="select"> <source name="metastatusicons-select" left="0" top="36" right="18" bottom="54"/> </icon>
 <icon name="META" type="idle" state="select"> <source name="metastatusicons-select" left="0" top="54" right="18" bottom="72"/> </icon>
 <icon name="META" type="online" state="select"> <source name="metastatusicons-select" left="0" top="72" right="18" bottom="90"/> </icon>
 <icon name="META" type="away" state="select"> <source name="metastatusicons-select" left="0" top="90" right="18" bottom="108"/> </icon>
 <icon name="META" type="offline" state="select"> <source name="metastatusicons-select" left="0" top="108" right="18" bottom="126"/> </icon>
