<!--

Aikon Squared (Aikon2) LCD Pro by Justin 'juzmental' Trevena.

-->


<component name="channel" minx="300" miny="200" defaultx="273" defaulty="200">
<mainregion usebitmap="1"></mainregion>
 &resize;

<!-- Top of Message Window -->
<!-- Grabs the message-top component -->

 <frame source="channel-top" name="channel-top">
  <rect>
   <left num="0" width="0"/>
   <top num="0" height="0"/>
   <right num="0" orientation="left" source="nick-join"/>
   <bottom num="0" orientation="above" source="channel-join"/>
  </rect>
 </frame>

<!-- Joining the top to the bottom -->

 <anchor name="channel-join" type="northsouth" saveable="yes">
  <location type="default" num="90" height="1"/>
  <location type="min" num="90" height="0"/>
  <location type="max" num="50" height="1"/>
  <resize type="northsouth">
   <rtype type="northsouth">
    <region type="rectangle" combinetype="or">
     <rect>
      <left num="8" width="0"/>
      <top num="10" orientation="above" source="channel-join"/>
      <right num="8" width="1"/>
      <bottom num="10" orientation="below" source="channel-join"/>
     </rect>
    </region>
   </rtype>
  </resize>
 </anchor>

<!-- Bottom of Message Window -->
<!-- Grabs the message-bottom component -->

 <frame source="channel-bottom" name="channel-bottom">
  <rect>
   <left num="0" width="0"/>
   <top num="0" orientation="below" source="channel-join"/>
   <right num="0" width="1"/>
   <bottom num="0" height="1"/>
  </rect>
 </frame> 

 <frame source="channel-nick" name="channel-nick">
  <rect>
   <left num="0" orientation="right" source="nick-join"/>
   <top num="0" height="0"/>
   <right num="0" width="1"/>
   <bottom num="0" orientation="above" source="channel-join"/>
  </rect>
 </frame> 

<!--  -->

 <anchor name="nick-join" type="westeast" saveable="yes">
  <location type="default" num="150" width="1"/>
  <location type="min" num="100" width="0"/>
  <location type="max" num="100" width="1"/>
  <resize type="westeast">
   <rtype type="westeast">
    <region type="rectangle" combinetype="or">
     <rect>
      <left num="10" orientation="left" source="nick-join"/>
      <top num="10" height="0"/>
      <right num="8" orientation="right" source="nick-join"/>
      <bottom num="10" orientation="below" source="channel-join"/>
     </rect>
    </region>
   </rtype>
  </resize>
 </anchor>



</component>

<!-- Message Top gfx layout and icontrols -->
<component name="channel-top">
<mainregion usebitmap="1"></mainregion>

<background name="upperleft" transred="255" transgreen="0" transblue="255">
 <source name="channelgfx" left="0" top="0" right="163" bottom="46"/>
 <rect>
  <left num="0" width="0"/>
  <top num="0" height="0"/>
  <right num="163" width="0"/>
  <bottom num="46" height="0"/>
 </rect>
</background>

<background name="upper">
 <source name="channelgfx" left="163" top="0" right="180" bottom="46"/>
 <rect>
  <left num="163" width="0"/>
  <top num="0" height="0"/>
  <right num="7" width="1"/>
  <bottom num="46" height="0"/>
 </rect>
</background>

<background name="upperright">
 <source name="channelgfx" left="180" top="0" right="187" bottom="46"/>
 <rect>
  <left num="7" width="1"/>
  <top num="0" height="0"/>
  <right num="0" width="1"/>
  <bottom num="46" height="0"/>
 </rect>
</background>

<background name="left">
 <source name="channelgfx" left="0" top="46" right="30" bottom="89"/>
 <rect>
  <left num="0" width="0"/>
  <top num="46" height="0"/>
  <right num="30" width="0"/>
  <bottom num="3" height="1"/>
 </rect>
</background>

<background name="right">
 <source name="channelgfx" left="180" top="46" right="187" bottom="89"/>
 <rect>
  <left num="7" width="1"/>
  <top num="46" height="0"/>
  <right num="0" width="1"/>
  <bottom num="3" height="1"/>
 </rect>
</background>

<background name="lowerleft">
 <source name="channelgfx" left="0" top="89" right="29" bottom="92"/>
 <rect>
  <left num="0" width="0"/>
  <top num="3" height="1"/>
  <right num="29" width="0"/>
  <bottom num="0" height="1"/>
 </rect>
</background>

<background name="lower">
 <source name="channelgfx" left="29" top="89" right="181" bottom="92"/>
 <rect>
  <left num="29" width="0"/>
  <top num="3" height="1"/>
  <right num="7" width="1"/>
  <bottom num="0" height="1"/>
 </rect>
</background>


<background name="lowerright">
 <source name="channelgfx" left="180" top="89" right="187" bottom="92"/>
 <rect>
  <left num="7" width="1"/>
  <top num="3" height="1"/>
  <right num="0" width="1"/>
  <bottom num="0" height="1"/>
 </rect>
</background>



<!-- Icontrols for the top part of the message window -->

<!-- Who you are chatting to -->
<icontrol source="username-white" name="topic" visible="1">
 <rect>
  <left num="25" width="0"/>
  <top num="31" height="0"/>
  <right num="4" width="1"/>
  <bottom num="44" height="0"/>
 </rect>
</icontrol>

<!-- Chat text -->
<icontrol source="display-console" name="display" visible="1">
 <rect>
  <left num="24" width="0"/>
  <top num="45" height="0"/>
  <right num="16" width="1"/>
  <bottom num="3" height="1"/>
 </rect>
</icontrol>

<!-- Mute Audio -->
<icontrol source="msg-mute" name="toolbar-mute" visible="1">
 <rect>
  <left num="46" width="0"/>
  <top num="32" height="0"/>
  <right num="60" width="0"/>
  <bottom num="42" height="0"/>
 </rect>
</icontrol>

<!-- History -->
<icontrol source="msg-history" name="toolbar-history" visible="1">
 <rect>
  <left num="98" width="0"/>
  <top num="32" height="0"/>
  <right num="110" width="0"/>
  <bottom num="42" height="0"/>
 </rect>
</icontrol>

<!-- Medium Status -->
<icontrol source="medium-status" name="medium" visible="1">
 <rect>
  <left num="20" width="0"/>
  <top num="8" height="0"/>
  <right num="38" width="0"/>
  <bottom num="26" height="0"/>
 </rect>
</icontrol>

<!-- Msg Scroll Bar -->
<icontrol source="msg-scrollup-console" name="scrollup" visible="1">
 <rect>
  <left num="16" width="1"/>
  <top num="45" height="0"/>
  <right num="3" width="1"/>
  <bottom num="58" height="0"/>
 </rect>
</icontrol>
<icontrol source="msg-scroll-console" name="scrollbar" visible="1">
 <rect>
  <left num="16" width="1"/>
  <top num="58" height="0"/>
  <right num="3" width="1"/>
  <bottom num="13" height="1"/>
 </rect>
</icontrol>
<icontrol source="msg-scrolldown-console" name="scrolldown" visible="1">
 <rect>
  <left num="16" width="1"/>
  <top num="13" height="1"/>
  <right num="3" width="1"/>
  <bottom num="1" height="1"/>
 </rect>
</icontrol>

<icontrol source="username-white" name="channel" visible="1">
 <rect>
  <left num="45" width="0"/>
  <top num="9" height="0"/>
  <right num="1" width="1"/>
  <bottom num="25" height="0"/>
 </rect>
</icontrol>


</component>



<!-- Message Bottom gfx layout and icontrols -->
<component name="channel-bottom">
<mainregion usebitmap="1"></mainregion>

<background name="upperleft">
 <source name="channelgfx" left="0" top="92" right="29" bottom="113"/>
 <rect>
  <left num="0" width="0"/>
  <top num="0" height="0"/>
  <right num="29" width="0"/>
  <bottom num="21" height="0"/>
 </rect>
</background>

<background name="upper">
 <source name="channelgfx" left="29" top="92" right="83" bottom="113"/>
 <rect>
  <left num="29" width="0"/>
  <top num="0" height="0"/>
  <right num="151" width="1"/>
  <bottom num="21" height="0"/>
 </rect>
</background>

<background name="upperright">
 <source name="channelgfx" left="103" top="92" right="254" bottom="113"/>
 <rect>
  <left num="151" width="1"/>
  <top num="0" height="0"/>
  <right num="0" width="1"/>
  <bottom num="21" height="0"/>
 </rect>
</background>

<background name="left">
 <source name="channelgfx" left="0" top="113" right="29" bottom="130"/>
 <rect>
  <left num="0" width="0"/>
  <top num="21" height="0"/>
  <right num="29" width="0"/>
  <bottom num="30" height="1"/>
 </rect>
</background>

<background name="right">
 <source name="channelgfx" left="226" top="113" right="254" bottom="130"/>
 <rect>
  <left num="28" width="1"/>
  <top num="21" height="0"/>
  <right num="0" width="1"/>
  <bottom num="30" height="1"/>
 </rect>
</background>

<background name="lowerleft">
 <source name="channelgfx" left="0" top="127" right="31" bottom="157"/>
 <rect>
  <left num="0" width="0"/>
  <top num="30" height="1"/>
  <right num="31" width="0"/>
  <bottom num="0" height="1"/>
 </rect>
</background>

<background name="lower">
 <source name="channelgfx" left="52" top="127" right="83" bottom="157"/>
 <rect>
  <left num="31" width="0"/>
  <top num="30" height="1"/>
  <right num="151" width="1"/>
  <bottom num="0" height="1"/>
 </rect>
</background>

<background name="lowerright">
 <source name="channelgfx" left="103" top="127" right="254" bottom="157"/>
 <rect>
  <left num="151" width="1"/>
  <top num="30" height="1"/>
  <right num="0" width="1"/>
  <bottom num="0" height="1"/>
 </rect>
</background>

<!-- Icontrols for the bottom part of the message window -->

<!-- Edit Text bit where you type -->
<icontrol source="edit-console" name="edit" visible="1">
 <rect>
  <left num="25" width="0"/>
  <top num="21" height="0"/>
  <right num="24" width="1"/>
  <bottom num="23" height="1"/>
 </rect>
</icontrol>

<!-- Text Colour -->
<icontrol source="msg-forecolor" name="editbar-forecolor" visible="1">
 <rect>
  <left num="23" width="0"/>
  <top num="3" height="0"/>
  <right num="39" width="0"/>
  <bottom num="17" height="0"/>
 </rect>
</icontrol>

<!-- Text Background Colour -->
<icontrol source="msg-backcolor" name="editbar-backcolor" visible="1">
 <rect>
  <left num="39" width="0"/>
  <top num="3" height="0"/>
  <right num="59" width="0"/>
  <bottom num="17" height="0"/>
 </rect>
</icontrol>

<!-- Bold Text -->
<icontrol source="msg-bold" name="editbar-bold" visible="1">
 <rect>
  <left num="59" width="0"/>
  <top num="3" height="0"/>
  <right num="73" width="0"/>
  <bottom num="17" height="0"/>
 </rect>
</icontrol>

<!-- Underline Text -->
<icontrol source="msg-underline" name="editbar-underline" visible="1">
 <rect>
  <left num="73" width="0"/>
  <top num="3" height="0"/>
  <right num="91" width="0"/>
  <bottom num="17" height="0"/>
 </rect>
</icontrol>

<!-- Show Emoticons -->
<icontrol source="msg-emoticon" name="editbar-emoticon" visible="1">
 <rect>
  <left num="91" width="0"/>
  <top num="3" height="0"/>
  <right num="106" width="0"/>
  <bottom num="17" height="0"/>
 </rect>
</icontrol>

<!-- Normal Users -->
<icontrol source="dark-text" name="nonopnum" visible="1">
 <rect>
  <left num="122" width="1"/>
  <top num="4" height="0"/>
  <right num="89" width="1"/>
  <bottom num="17" height="0"/>
 </rect>
</icontrol>

<!-- Ops -->
<icontrol source="dark-text" name="opnum" visible="1">
 <rect>
  <left num="56" width="1"/>
  <top num="4" height="0"/>
  <right num="24" width="1"/>
  <bottom num="17" height="0"/>
 </rect>
</icontrol>

</component> 

<!-- Nicklist Frame -->
<component name="channel-nick">
<mainregion usebitmap="1"></mainregion>

<background name="upperleft" transred="255" transgreen="0" transblue="255">
 <source name="channelgfx" left="187" top="0" right="194" bottom="46"/>
 <rect>
  <left num="0" width="0"/>
  <top num="0" height="0"/>
  <right num="6" width="0"/>
  <bottom num="46" height="0"/>
 </rect>
</background>

<background name="upper">
 <source name="channelgfx" left="194" top="0" right="197" bottom="46"/>
 <rect>
  <left num="6" width="0"/>
  <top num="0" height="0"/>
  <right num="59" width="1"/>
  <bottom num="46" height="0"/>
 </rect>
</background>

<background name="upperright" transred="255" transgreen="0" transblue="255">
 <source name="channelgfx" left="194" top="0" right="254" bottom="46"/>
 <rect>
  <left num="60" width="1"/>
  <top num="0" height="0"/>
  <right num="0" width="1"/>
  <bottom num="46" height="0"/>
 </rect>
</background>

<background name="left">
 <source name="channelgfx" left="187" top="46" right="194" bottom="89"/>
 <rect>
  <left num="0" width="0"/>
  <top num="46" height="0"/>
  <right num="7" width="0"/>
  <bottom num="0" height="1"/>
 </rect>
</background>

<background name="right">
 <source name="channelgfx" left="226" top="46" right="254" bottom="89"/>
 <rect>
  <left num="28" width="1"/>
  <top num="46" height="0"/>
  <right num="0" width="1"/>
  <bottom num="0" height="1"/>
 </rect>
</background>

<background name="lowerleft">
 <source name="channelgfx" left="187" top="89" right="194" bottom="92"/>
 <rect>
  <left num="0" width="0"/>
  <top num="3" height="1"/>
  <right num="7" width="0"/>
  <bottom num="0" height="1"/>
 </rect>
</background>

<background name="lower">
 <source name="channelgfx" left="194" top="89" right="228" bottom="92"/>
 <rect>
  <left num="7" width="0"/>
  <top num="3" height="1"/>
  <right num="26" width="1"/>
  <bottom num="0" height="1"/>
 </rect>
</background>

<background name="lowerright">
 <source name="channelgfx" left="228" top="89" right="254" bottom="92"/>
 <rect>
  <left num="26" width="1"/>
  <top num="3" height="1"/>
  <right num="0" width="1"/>
  <bottom num="0" height="1"/>
 </rect>
</background>

<!-- Nicklist -->
<icontrol source="display-nicklist" name="nicklist" visible="1">
 <rect>
  <left num="3" width="0"/>
  <top num="31" height="0"/>
  <right num="35" width="1"/>
  <bottom num="3" height="1"/>
 </rect>
</icontrol>

<!-- Window Close -->
<icontrol source="msg-close" name="close" visible="1">
 <rect>
  <left num="35" width="1"/>
  <top num="0" height="0"/>
  <right num="19" width="1"/>
  <bottom num="19" height="0"/>
 </rect>
</icontrol>

<!-- Window Hide -->
<icontrol source="hide2" name="hide" visible="1">
 <rect>
  <left num="51" width="1"/>
  <top num="0" height="0"/>
  <right num="35" width="1"/>
  <bottom num="19" height="0"/>
 </rect>
</icontrol>


<!-- Window Maximise -->
<icontrol source="msg-maximize" name="maximize" visible="1">
 <rect>
  <left num="65" width="1"/>
  <top num="0" height="0"/>
  <right num="51" width="1"/>
  <bottom num="19" height="0"/>
 </rect>
</icontrol>

<!-- Window Minimise -->
<icontrol source="msg-minimize" name="minimize" visible="1">
 <rect>
  <left num="82" width="1"/>
  <top num="0" height="0"/>
  <right num="66" width="1"/>
  <bottom num="19" height="0"/>
 </rect>
</icontrol>

<!-- Nick Scroll Bar -->
<icontrol source="msg-scrollup-console" name="nick_scrollup" visible="1">
 <rect>
  <left num="35" width="1"/>
  <top num="31" height="0"/>
  <right num="22" width="1"/>
  <bottom num="44" height="0"/>
 </rect>
</icontrol>
<icontrol source="msg-scroll-console" name="nick_scrollbar" visible="1">
 <rect>
  <left num="35" width="1"/>
  <top num="44" height="0"/>
  <right num="22" width="1"/>
  <bottom num="13" height="1"/>
 </rect>
</icontrol>
<icontrol source="msg-scrolldown-console" name="nick_scrolldown" visible="1">
 <rect>
  <left num="35" width="1"/>
  <top num="13" height="1"/>
  <right num="22" width="1"/>
  <bottom num="1" height="1"/>
 </rect>
</icontrol>


</component>

