<!--

Aikon Squared (Aikon2) LCD Pro by Justin 'juzmental' Trevena.

-->


<!-- Main Contact List window -->
<component name="compact" minx="100"  miny="50"  defaultx="222" defaulty="170">
<mainregion usebitmap="1"></mainregion>
&resize;
<!-- IMAGES -->

<background name="upperleft" transred="255" transgreen="0" transblue="255">
 <source name="aimodegfx" left="0" top="0" right="50" bottom="15"/>
 <rect>
  <left num="0" width="0"/>
  <top num="0" height="0"/>
  <right num="50" width="0"/>
  <bottom num="15" height="0"/>
 </rect>
</background>

<background name="upper">
 <source name="aimodegfx" left="50" top="0" right="90" bottom="15"/>
 <rect>
  <left num="50" width="0"/>
  <top num="0" height="0"/>
  <right num="34" width="1"/>
  <bottom num="15" height="0"/>
 </rect>
</background>

<background name="upperright" transred="255" transgreen="0" transblue="255">
 <source name="aimodegfx" left="90" top="0" right="124" bottom="15"/>
 <rect>
  <left num="34" width="1"/>
  <top num="0" height="0"/>
  <right num="0" width="1"/>
  <bottom num="15" height="0"/>
 </rect>
</background>

<background name="left" transred="255" transgreen="0" transblue="255">
 <source name="aimodegfx" left="0" top="20" right="10" bottom="40"/>
 <rect>
  <left num="0" width="0"/>
  <top num="15" height="0"/>
  <right num="10" width="0"/>
  <bottom num="14" height="1"/>
 </rect>
</background>

<background name="right" transred="255" transgreen="0" transblue="255">
 <source name="aimodegfx" left="114" top="20" right="124" bottom="40"/>
 <rect>
  <left num="10" width="1"/>
  <top num="15" height="0"/>
  <right num="0" width="1"/>
  <bottom num="14" height="1"/>
 </rect>
</background>

<background name="lowerleft" transred="255" transgreen="0" transblue="255">
 <source name="aimodegfx" left="0" top="60" right="20" bottom="74"/>
 <rect>
  <left num="0" width="0"/>
  <top num="14" height="1"/>
  <right num="20" width="0"/>
  <bottom num="0" height="1"/>
 </rect>
</background>

<background name="lower" transred="255" transgreen="0" transblue="255">
 <source name="aimodegfx" left="50" top="60" right="70" bottom="74"/>
 <rect>
  <left num="20" width="0"/>
  <top num="14" height="1"/>
  <right num="21" width="1"/>
  <bottom num="0" height="1"/>
 </rect>
</background>

<background name="lowerright" transred="255" transgreen="0" transblue="255">
 <source name="aimodegfx" left="103" top="60" right="124" bottom="74"/>
 <rect>
  <left num="21" width="1"/>
  <top num="14" height="1"/>
  <right num="0" width="1"/>
  <bottom num="0" height="1"/>
 </rect>
</background>

<!-- ICONTROLS -->

<!-- Buddy List -->
<icontrol source="buddy-list" name="list" visible="1">
 <rect>
  <left num="6" width="0"/>
  <top num="12" height="0"/>
  <right num="17" width="1"/>
  <bottom num="6" height="1"/>
 </rect>
</icontrol>

<!-- Scroll Bar -->
<icontrol source="scrollup-console" name="scrollup" visible="1">
 <rect>
  <left num="17" width="1"/>
  <top num="12" height="0"/>
  <right num="4" width="1"/>
  <bottom num="25" height="0"/>
 </rect>
</icontrol>
<icontrol source="scroll-console" name="scrollbar" visible="1">
 <rect>
  <left num="17" width="1"/>
  <top num="25" height="0"/>
  <right num="4" width="1"/>
  <bottom num="19" height="1"/>
 </rect>
</icontrol>
<icontrol source="scrolldown-console" name="scrolldown" visible="1">
 <rect>
  <left num="17" width="1"/>
  <top num="19" height="1"/>
  <right num="4" width="1"/>
  <bottom num="6" height="1"/>
 </rect>
</icontrol>


<!-- Hide Button-->
<icontrol source="compactclose" name="hide" visible="1">
 <rect>
  <left num="16" width="1"/>
  <top num="2" height="0"/>
  <right num="7" width="1"/>
  <bottom num="10" height="0"/>
 </rect>
</icontrol>

<!-- Minimize Button -->
<icontrol source="compactminimise" name="minimize" visible="1">
 <rect>
  <left num="25" width="1"/>
  <top num="2" height="0"/>
  <right num="16" width="1"/>
  <bottom num="10" height="0"/>
 </rect>
</icontrol>

<!-- Event Button (Incoming events) -->
<icontrol source="eventcompact" name="event-button" visible="1"> 
 <rect> 
  <left num="35" width="0"/> 
  <top num="1" height="0"/> 
  <right num="47" width="0"/> 
  <bottom num="9" height="0"/> 
 </rect> 
</icontrol>

<!-- Phase Contacts -->
<icontrol source="phase-contacts-compact" name="phase-contacts-compact" visible="1">
 <rect>
  <left num="45" width="1"/>
  <top num="2" height="0"/>
  <right num="29" width="1"/>
  <bottom num="10" height="0"/>
 </rect>
</icontrol>


<!-- Away -->
<icontrol source="globalaway" name="global-status" visible="0">
 <rect>
  <left num="98" width="0"/>
  <top num="29" height="0"/>
  <right num="109" width="0"/>
  <bottom num="37" height="0"/>
 </rect>
</icontrol>
</component>

