<!--

Aikon Squared (Aikon2) LCD Pro by Justin 'juzmental' Trevena.

-->


	<control name="medium-icons" type="iconholder">

<!-- ICQ Your Status Icons -->

		<icon name="ICQ" type="mixed" state="menu"> <source name="yourstatusicons-normal"	 left="0" top="0" right="20" bottom="22"/> </icon>
		<icon name="ICQ" type="idle" state="menu"> <source name="yourstatusicons-normal" left="0" top="22" right="20" bottom="44"/> </icon>
		<icon name="ICQ" type="online" state="menu"> <source name="yourstatusicons-normal" left="0" top="44" right="20" bottom="66"/> </icon>
		<icon name="ICQ" type="free for chat" state="menu"> <source name="yourstatusicons-normal" left="0" top="66" right="20" bottom="88"/> </icon>
		<icon name="ICQ" type="away" state="menu"> <source name="yourstatusicons-normal" left="0" top="88" right="20" bottom="110"/> </icon>
		<icon name="ICQ" type="not available" state="menu"> <source name="yourstatusicons-normal" left="0" top="110" right="20" bottom="132"/> </icon>
		<icon name="ICQ" type="occupied" state="menu"> <source name="yourstatusicons-normal" left="0" top="132" right="20" bottom="154"/> </icon>
		<icon name="ICQ" type="dnd" state="menu"> <source name="yourstatusicons-normal" left="0" top="154" right="20" bottom="176"/> </icon>
		<icon name="ICQ" type="invisible" state="menu"> <source name="yourstatusicons-normal" left="0" top="176" right="20" bottom="198"/> </icon>
		<icon name="ICQ" type="offline" state="menu"> <source name="yourstatusicons-normal" left="0" top="198" right="20" bottom="220"/> </icon>

		<icon name="ICQ" type="mixed" state="flat"> <source name="yourstatusicons-normal"	 left="0" top="0" right="20" bottom="22"/> </icon>
		<icon name="ICQ" type="idle" state="flat"> <source name="yourstatusicons-normal" left="0" top="22" right="20" bottom="44"/> </icon>
		<icon name="ICQ" type="online" state="flat"> <source name="yourstatusicons-normal" left="0" top="44" right="20" bottom="66"/> </icon>
		<icon name="ICQ" type="free for chat" state="flat"> <source name="yourstatusicons-normal" left="0" top="66" right="20" bottom="88"/> </icon>
		<icon name="ICQ" type="away" state="flat"> <source name="yourstatusicons-normal" left="0" top="88" right="20" bottom="110"/> </icon>
		<icon name="ICQ" type="not available" state="flat"> <source name="yourstatusicons-normal" left="0" top="110" right="20" bottom="132"/> </icon>
		<icon name="ICQ" type="occupied" state="flat"> <source name="yourstatusicons-normal" left="0" top="132" right="20" bottom="154"/> </icon>
		<icon name="ICQ" type="dnd" state="flat"> <source name="yourstatusicons-normal" left="0" top="154" right="20" bottom="176"/> </icon>
		<icon name="ICQ" type="invisible" state="flat"> <source name="yourstatusicons-normal" left="0" top="176" right="20" bottom="198"/> </icon>
		<icon name="ICQ" type="offline" state="flat"> <source name="yourstatusicons-normal" left="0" top="198" right="20" bottom="220"/> </icon>

		<icon name="ICQ" type="mixed" state="hover"> <source name="yourstatusicons-hover"	 left="0" top="0" right="20" bottom="22"/> </icon>
		<icon name="ICQ" type="idle" state="hover"> <source name="yourstatusicons-hover" left="0" top="22" right="20" bottom="44"/> </icon>
		<icon name="ICQ" type="online" state="hover"> <source name="yourstatusicons-hover" left="0" top="44" right="20" bottom="66"/> </icon>
		<icon name="ICQ" type="free for chat" state="hover"> <source name="yourstatusicons-hover" left="0" top="66" right="20" bottom="88"/> </icon>
		<icon name="ICQ" type="away" state="hover"> <source name="yourstatusicons-hover" left="0" top="88" right="20" bottom="110"/> </icon>
		<icon name="ICQ" type="not available" state="hover"> <source name="yourstatusicons-hover" left="0" top="110" right="20" bottom="132"/> </icon>
		<icon name="ICQ" type="occupied" state="hover"> <source name="yourstatusicons-hover" left="0" top="132" right="20" bottom="154"/> </icon>
		<icon name="ICQ" type="dnd" state="hover"> <source name="yourstatusicons-hover" left="0" top="154" right="20" bottom="176"/> </icon>
		<icon name="ICQ" type="invisible" state="hover"> <source name="yourstatusicons-hover" left="0" top="176" right="20" bottom="198"/> </icon>
		<icon name="ICQ" type="offline" state="hover"> <source name="yourstatusicons-hover" left="0" top="198" right="20" bottom="220"/> </icon>

		<icon name="ICQ" type="mixed" state="push"> <source name="yourstatusicons-select"	 left="0" top="0" right="20" bottom="22"/> </icon>
		<icon name="ICQ" type="idle" state="push"> <source name="yourstatusicons-select" left="0" top="22" right="20" bottom="44"/> </icon>
		<icon name="ICQ" type="online" state="push"> <source name="yourstatusicons-select" left="0" top="44" right="20" bottom="66"/> </icon>
		<icon name="ICQ" type="free for chat" state="push"> <source name="yourstatusicons-select" left="0" top="66" right="20" bottom="88"/> </icon>
		<icon name="ICQ" type="away" state="push"> <source name="yourstatusicons-select" left="0" top="88" right="20" bottom="110"/> </icon>
		<icon name="ICQ" type="not available" state="push"> <source name="yourstatusicons-select" left="0" top="110" right="20" bottom="132"/> </icon>
		<icon name="ICQ" type="occupied" state="push"> <source name="yourstatusicons-select" left="0" top="132" right="20" bottom="154"/> </icon>
		<icon name="ICQ" type="dnd" state="push"> <source name="yourstatusicons-select" left="0" top="154" right="20" bottom="176"/> </icon>
		<icon name="ICQ" type="invisible" state="push"> <source name="yourstatusicons-select" left="0" top="176" right="20" bottom="198"/> </icon>
		<icon name="ICQ" type="offline" state="push"> <source name="yourstatusicons-select" left="0" top="198" right="20" bottom="220"/> </icon>

		<icon name="ALL" type="mail" state="flat"> <source name="yourstatusicons-normal" left="0" top="220" right="20" bottom="242"/> </icon>
		<icon name="ALL" type="mail" state="hover"> <source name="yourstatusicons-hover" left="0" top="220" right="20" bottom="242"/> </icon>
		<icon name="ALL" type="mail" state="push"> <source name="yourstatusicons-select" left="0" top="220" right="20" bottom="242"/> </icon>


<!-- AIM Your Status Icons -->

		<icon name="AIM" type="mixed" state="flat"> <source name="yourstatusicons-normal" left="20" top="0" right="40" bottom="22"/> </icon>
		<icon name="AIM" type="idle" state="flat"> <source name="yourstatusicons-normal" left="20" top="22" right="40" bottom="44"/> </icon>
		<icon name="AIM" type="online" state="flat"> <source name="yourstatusicons-normal" left="20" top="44" right="40" bottom="66"/> </icon>
		<icon name="AIM" type="away" state="flat"> <source name="yourstatusicons-normal" left="20" top="66" right="40" bottom="88"/> </icon>
		<icon name="AIM" type="offline" state="flat"> <source name="yourstatusicons-normal" left="20" top="88" right="40" bottom="110"/> </icon>

		<icon name="AIM" type="mixed" state="hover"> <source name="yourstatusicons-hover" left="20" top="0" right="40" bottom="22"/> </icon>
		<icon name="AIM" type="idle" state="hover"> <source name="yourstatusicons-hover" left="20" top="22" right="40" bottom="44"/> </icon>
		<icon name="AIM" type="online" state="hover"> <source name="yourstatusicons-hover" left="20" top="44" right="40" bottom="66"/> </icon>
		<icon name="AIM" type="away" state="hover"> <source name="yourstatusicons-hover" left="20" top="66" right="40" bottom="88"/> </icon>
		<icon name="AIM" type="offline" state="hover"> <source name="yourstatusicons-hover" left="20" top="88" right="40" bottom="110"/> </icon>

		<icon name="AIM" type="mixed" state="push"> <source name="yourstatusicons-select" left="20" top="0" right="40" bottom="22"/> </icon>
		<icon name="AIM" type="idle" state="push"> <source name="yourstatusicons-select" left="20" top="22" right="40" bottom="44"/> </icon>
		<icon name="AIM" type="online" state="push"> <source name="yourstatusicons-select" left="20" top="44" right="40" bottom="66"/> </icon>
		<icon name="AIM" type="away" state="push"> <source name="yourstatusicons-select" left="20" top="66" right="40" bottom="88"/> </icon>
		<icon name="AIM" type="offline" state="push"> <source name="yourstatusicons-select" left="20" top="88" right="40" bottom="110"/> </icon>

<!-- MSN Your Status Icons -->

		<icon name="MSN" type="mixed" state="flat"> <source name="yourstatusicons-normal" left="40" top="0" right="60" bottom="22"/> </icon>
		<icon name="MSN" type="idle" state="flat"> <source name="yourstatusicons-normal" left="40" top="22" right="60" bottom="44"/> </icon>
		<icon name="MSN" type="online" state="flat"> <source name="yourstatusicons-normal" left="40" top="44" right="60" bottom="66"/> </icon>
		<icon name="MSN" type="busy" state="flat"> <source name="yourstatusicons-normal" left="40" top="66" right="60" bottom="88"/> </icon>
		<icon name="MSN" type="away" state="flat"> <source name="yourstatusicons-normal" left="40" top="88" right="60" bottom="110"/> </icon>
		<icon name="MSN" type="be right back" state="flat"> <source name="yourstatusicons-normal" left="40" top="110" right="60" bottom="132"/> </icon>
		<icon name="MSN" type="on the phone" state="flat"> <source name="yourstatusicons-normal" left="40" top="132" right="60" bottom="154"/> </icon>
		<icon name="MSN" type="out to lunch" state="flat"> <source name="yourstatusicons-normal" left="40" top="154" right="60" bottom="176"/> </icon>
		<icon name="MSN" type="invisible" state="flat"> <source name="yourstatusicons-normal" left="40" top="176" right="60" bottom="198"/> </icon>
		<icon name="MSN" type="offline" state="flat"> <source name="yourstatusicons-normal" left="40" top="198" right="60" bottom="220"/> </icon>

		<icon name="MSN" type="mixed" state="hover"> <source name="yourstatusicons-hover" left="40" top="0" right="60" bottom="22"/> </icon>
		<icon name="MSN" type="idle" state="hover"> <source name="yourstatusicons-hover" left="40" top="22" right="60" bottom="44"/> </icon>
		<icon name="MSN" type="online" state="hover"> <source name="yourstatusicons-hover" left="40" top="44" right="60" bottom="66"/> </icon>
		<icon name="MSN" type="busy" state="hover"> <source name="yourstatusicons-hover" left="40" top="66" right="60" bottom="88"/> </icon>
		<icon name="MSN" type="away" state="hover"> <source name="yourstatusicons-hover" left="40" top="88" right="60" bottom="110"/> </icon>
		<icon name="MSN" type="be right back" state="hover"> <source name="yourstatusicons-hover" left="40" top="110" right="60" bottom="132"/> </icon>
		<icon name="MSN" type="on the phone" state="hover"> <source name="yourstatusicons-hover" left="40" top="132" right="60" bottom="154"/> </icon>
		<icon name="MSN" type="out to lunch" state="hover"> <source name="yourstatusicons-hover" left="40" top="154" right="60" bottom="176"/> </icon>
		<icon name="MSN" type="invisible" state="hover"> <source name="yourstatusicons-hover" left="40" top="176" right="60" bottom="198"/> </icon>
		<icon name="MSN" type="offline" state="hover"> <source name="yourstatusicons-hover" left="40" top="198" right="60" bottom="220"/> </icon>

		<icon name="MSN" type="mixed" state="push"> <source name="yourstatusicons-select" left="40" top="0" right="60" bottom="22"/> </icon>
		<icon name="MSN" type="idle" state="push"> <source name="yourstatusicons-select" left="40" top="22" right="60" bottom="44"/> </icon>
		<icon name="MSN" type="online" state="push"> <source name="yourstatusicons-select" left="40" top="44" right="60" bottom="66"/> </icon>
		<icon name="MSN" type="busy" state="push"> <source name="yourstatusicons-select" left="40" top="66" right="60" bottom="88"/> </icon>
		<icon name="MSN" type="away" state="push"> <source name="yourstatusicons-select" left="40" top="88" right="60" bottom="110"/> </icon>
		<icon name="MSN" type="be right back" state="push"> <source name="yourstatusicons-select" left="40" top="110" right="60" bottom="132"/> </icon>
		<icon name="MSN" type="on the phone" state="push"> <source name="yourstatusicons-select" left="40" top="132" right="60" bottom="154"/> </icon>
		<icon name="MSN" type="out to lunch" state="push"> <source name="yourstatusicons-select" left="40" top="154" right="60" bottom="176"/> </icon>
		<icon name="MSN" type="invisible" state="push"> <source name="yourstatusicons-select" left="40" top="176" right="60" bottom="198"/> </icon>
		<icon name="MSN" type="offline" state="push"> <source name="yourstatusicons-select" left="40" top="198" right="60" bottom="220"/> </icon>


<!-- IRC Your Status Icons -->

		<icon name="IRC" type="mixed" state="flat"> <source name="yourstatusicons-normal" left="80" top="0" right="100" bottom="22"/> </icon>
		<icon name="IRC" type="idle" state="flat"> <source name="yourstatusicons-normal" left="80" top="22" right="100" bottom="44"/> </icon>
		<icon name="IRC" type="online" state="flat"> <source name="yourstatusicons-normal" left="80" top="44" right="100" bottom="66"/> </icon>
		<icon name="IRC" type="away" state="flat"> <source name="yourstatusicons-normal" left="80" top="66" right="100" bottom="88"/> </icon>
		<icon name="IRC" type="offline" state="flat"> <source name="yourstatusicons-normal" left="80" top="88" right="100" bottom="110"/> </icon>
		<icon name="IRC" type="maybe" state="flat"> <source name="yourstatusicons-normal" left="80" top="110" right="100" bottom="132"/> </icon>

		<icon name="IRC" type="mixed" state="hover"> <source name="yourstatusicons-hover" left="80" top="0" right="100" bottom="22"/> </icon>
		<icon name="IRC" type="idle" state="hover"> <source name="yourstatusicons-hover" left="80" top="22" right="100" bottom="44"/> </icon>
		<icon name="IRC" type="online" state="hover"> <source name="yourstatusicons-hover" left="80" top="44" right="100" bottom="66"/> </icon>
		<icon name="IRC" type="away" state="hover"> <source name="yourstatusicons-hover" left="80" top="66" right="100" bottom="88"/> </icon>
		<icon name="IRC" type="offline" state="hover"> <source name="yourstatusicons-hover" left="80" top="88" right="100" bottom="110"/> </icon>
		<icon name="IRC" type="maybe" state="hover"> <source name="yourstatusicons-hover" left="80" top="110" right="100" bottom="132"/> </icon>

		<icon name="IRC" type="mixed" state="push"> <source name="yourstatusicons-select" left="80" top="0" right="100" bottom="22"/> </icon>
		<icon name="IRC" type="idle" state="push"> <source name="yourstatusicons-select" left="80" top="22" right="100" bottom="44"/> </icon>
		<icon name="IRC" type="online" state="push"> <source name="yourstatusicons-select" left="80" top="44" right="100" bottom="66"/> </icon>
		<icon name="IRC" type="away" state="push"> <source name="yourstatusicons-select" left="80" top="66" right="100" bottom="88"/> </icon>
		<icon name="IRC" type="offline" state="push"> <source name="yourstatusicons-select" left="80" top="88" right="100" bottom="110"/> </icon>
		<icon name="IRC" type="maybe" state="push"> <source name="yourstatusicons-select" left="80" top="110" right="100" bottom="132"/> </icon>


<!-- Yahoo Your Status Icons -->

		<icon name="YAHOO" type="mixed" state="flat"> <source name="yourstatusicons-normal" left="60" top="0" right="80" bottom="22"/> </icon>
		<icon name="YAHOO" type="idle" state="flat"> <source name="yourstatusicons-normal" left="60" top="22" right="80" bottom="44"/> </icon>
		<icon name="YAHOO" type="online" state="flat"> <source name="yourstatusicons-normal" left="60" top="44" right="80" bottom="66"/> </icon>
		<icon name="YAHOO" type="be right back" state="flat"> <source name="yourstatusicons-normal" left="60" top="66" right="80" bottom="88"/> </icon>
		<icon name="YAHOO" type="busy" state="flat"> <source name="yourstatusicons-normal" left="60" top="88" right="80" bottom="110"/> </icon>
		<icon name="YAHOO" type="away" state="flat"> <source name="yourstatusicons-normal" left="60" top="110" right="80" bottom="132"/> </icon>
		<icon name="YAHOO" type="not at home" state="flat"> <source name="yourstatusicons-normal" left="60" top="132" right="80" bottom="154"/> </icon>
		<icon name="YAHOO" type="not at my desk" state="flat"> <source name="yourstatusicons-normal" left="60" top="154" right="80" bottom="176"/> </icon>
		<icon name="YAHOO" type="not in the office" state="flat"> <source name="yourstatusicons-normal" left="60" top="176" right="80" bottom="198"/> </icon>
		<icon name="YAHOO" type="on the phone" state="flat"> <source name="yourstatusicons-normal" left="60" top="198" right="80" bottom="220"/> </icon>
		<icon name="YAHOO" type="on vacation" state="flat"> <source name="yourstatusicons-normal" left="60" top="220" right="80" bottom="242"/> </icon>
		<icon name="YAHOO" type="out to lunch" state="flat"> <source name="yourstatusicons-normal" left="60" top="242" right="80" bottom="264"/> </icon>
		<icon name="YAHOO" type="stepped out" state="flat"> <source name="yourstatusicons-normal" left="60" top="264" right="80" bottom="286"/> </icon>
		<icon name="YAHOO" type="invisible" state="flat"> <source name="yourstatusicons-normal" left="60" top="286" right="80" bottom="308"/> </icon>
		<icon name="YAHOO" type="offline" state="flat"> <source name="yourstatusicons-normal" left="60" top="308" right="80" bottom="330"/> </icon>

		<icon name="YAHOO" type="mixed" state="hover"> <source name="yourstatusicons-hover" left="60" top="0" right="80" bottom="22"/> </icon>
		<icon name="YAHOO" type="idle" state="hover"> <source name="yourstatusicons-hover" left="60" top="22" right="80" bottom="44"/> </icon>
		<icon name="YAHOO" type="online" state="hover"> <source name="yourstatusicons-hover" left="60" top="44" right="80" bottom="66"/> </icon>
		<icon name="YAHOO" type="be right back" state="hover"> <source name="yourstatusicons-hover" left="60" top="66" right="80" bottom="88"/> </icon>
		<icon name="YAHOO" type="busy" state="hover"> <source name="yourstatusicons-hover" left="60" top="88" right="80" bottom="110"/> </icon>
		<icon name="YAHOO" type="away" state="hover"> <source name="yourstatusicons-hover" left="60" top="110" right="80" bottom="132"/> </icon>
		<icon name="YAHOO" type="not at home" state="hover"> <source name="yourstatusicons-hover" left="60" top="132" right="80" bottom="154"/> </icon>
		<icon name="YAHOO" type="not at my desk" state="hover"> <source name="yourstatusicons-hover" left="60" top="154" right="80" bottom="176"/> </icon>
		<icon name="YAHOO" type="not in the office" state="hover"> <source name="yourstatusicons-hover" left="60" top="176" right="80" bottom="198"/> </icon>
		<icon name="YAHOO" type="on the phone" state="hover"> <source name="yourstatusicons-hover" left="60" top="198" right="80" bottom="220"/> </icon>
		<icon name="YAHOO" type="on vacation" state="hover"> <source name="yourstatusicons-hover" left="60" top="220" right="80" bottom="242"/> </icon>
		<icon name="YAHOO" type="out to lunch" state="hover"> <source name="yourstatusicons-hover" left="60" top="242" right="80" bottom="264"/> </icon>
		<icon name="YAHOO" type="stepped out" state="hover"> <source name="yourstatusicons-hover" left="60" top="264" right="80" bottom="286"/> </icon>
		<icon name="YAHOO" type="invisible" state="hover"> <source name="yourstatusicons-hover" left="60" top="286" right="80" bottom="308"/> </icon>
		<icon name="YAHOO" type="offline" state="hover"> <source name="yourstatusicons-hover" left="60" top="308" right="80" bottom="330"/> </icon>

		<icon name="YAHOO" type="mixed" state="push"> <source name="yourstatusicons-select" left="60" top="0" right="80" bottom="22"/> </icon>
		<icon name="YAHOO" type="idle" state="push"> <source name="yourstatusicons-select" left="60" top="22" right="80" bottom="44"/> </icon>
		<icon name="YAHOO" type="online" state="push"> <source name="yourstatusicons-select" left="60" top="44" right="80" bottom="66"/> </icon>
		<icon name="YAHOO" type="be right back" state="push"> <source name="yourstatusicons-select" left="60" top="66" right="80" bottom="88"/> </icon>
		<icon name="YAHOO" type="busy" state="push"> <source name="yourstatusicons-select" left="60" top="88" right="80" bottom="110"/> </icon>
		<icon name="YAHOO" type="away" state="push"> <source name="yourstatusicons-select" left="60" top="110" right="80" bottom="132"/> </icon>
		<icon name="YAHOO" type="not at home" state="push"> <source name="yourstatusicons-select" left="60" top="132" right="80" bottom="154"/> </icon>
		<icon name="YAHOO" type="not at my desk" state="push"> <source name="yourstatusicons-select" left="60" top="154" right="80" bottom="176"/> </icon>
		<icon name="YAHOO" type="not in the office" state="push"> <source name="yourstatusicons-select" left="60" top="176" right="80" bottom="198"/> </icon>
		<icon name="YAHOO" type="on the phone" state="push"> <source name="yourstatusicons-select" left="60" top="198" right="80" bottom="220"/> </icon>
		<icon name="YAHOO" type="on vacation" state="push"> <source name="yourstatusicons-select" left="60" top="220" right="80" bottom="242"/> </icon>
		<icon name="YAHOO" type="out to lunch" state="push"> <source name="yourstatusicons-select" left="60" top="242" right="80" bottom="264"/> </icon>
		<icon name="YAHOO" type="stepped out" state="push"> <source name="yourstatusicons-select" left="60" top="264" right="80" bottom="286"/> </icon>
		<icon name="YAHOO" type="invisible" state="push"> <source name="yourstatusicons-select" left="60" top="286" right="80" bottom="308"/> </icon>
		<icon name="YAHOO" type="offline" state="push"> <source name="yourstatusicons-select" left="60" top="308" right="80" bottom="330"/> </icon>

	<color name="normal-back" red="190"   green="190"  blue="190"/>
 <action name="playSound" value="beep"/>
	</control>