<!--

Aikon Squared (Aikon2) LCD Pro by Justin 'juzmental' Trevena.

-->


<!-- connection -->
<icon type="connection" state="normal">
 <source name="connectionicons" left="0" top="0" right="21" bottom="17"/>
</icon>
<icon type="connection" state="select">
 <source name="connectionicons-selected" left="0" top="0" right="21" bottom="17"/>
</icon>
<icon type="connection" state="hover">
 <source name="connectionicons-hover" left="0" top="0" right="21" bottom="17"/>
</icon>

<!-- connected console window -->
<icon type="connected" state="normal">
 <source name="connectionicons" left="0" top="17" right="21" bottom="34"/>
</icon>
<icon type="connected" state="select">
 <source name="connectionicons-selected" left="0" top="17" right="21" bottom="34"/>
</icon>
<icon type="connected" state="hover">
 <source name="connectionicons-hover" left="0" top="17" right="21" bottom="34"/>
</icon>

<!-- disconnected console window -->
<icon type="disconnected" state="normal">
 <source name="connectionicons" left="0" top="34" right="21" bottom="51"/>
</icon>
<icon type="disconnected" state="select">
 <source name="connectionicons-selected" left="0" top="34" right="21" bottom="51"/>
</icon>
<icon type="disconnected" state="hover">
 <source name="connectionicons-hover" left="0" top="34" right="21" bottom="51"/>
</icon>

<!-- private msg/query/chat window -->
<icon type="privmsg" state="normal">
 <source name="connectionicons" left="0" top="51" right="21" bottom="68"/>
</icon>
<icon type="privmsg" state="select">
 <source name="connectionicons-selected" left="0" top="51" right="21" bottom="68"/>
</icon>
<icon type="privmsg" state="hover">
 <source name="connectionicons-hover" left="0" top="51" right="21" bottom="68"/>
</icon>

<!-- encrypted chat window -->
<icon type="edcc" state="normal">
 <source name="connectionicons" left="0" top="68" right="21" bottom="85"/>
</icon>
<icon type="edcc" state="select">
 <source name="connectionicons-selected" left="0" top="68" right="21" bottom="85"/>
</icon>
<icon type="edcc" state="hover">
 <source name="connectionicons-hover" left="0" top="68" right="21" bottom="85"/>
</icon>

<!-- channel window -->
<icon type="channel" state="normal">
 <source name="connectionicons" left="0" top="85" right="21" bottom="102"/>
</icon>
<icon type="channel" state="select">
 <source name="connectionicons-selected" left="0" top="85" right="21" bottom="102"/>
</icon>
<icon type="channel" state="hover">
 <source name="connectionicons-hover" left="0" top="85" right="21" bottom="102"/>
</icon>

<!-- encrypted dcc conference window -->
<icon type="edccconf" state="normal">
 <source name="connectionicons" left="0" top="102" right="21" bottom="119"/>
</icon>
<icon type="edccconf" state="select">
 <source name="connectionicons-selected" left="0" top="102" right="21" bottom="119"/>
</icon>
<icon type="edccconf" state="hover">
 <source name="connectionicons-hover" left="0" top="102" right="21" bottom="119"/>
</icon>

<!-- dcc chat window -->
<icon type="dcc" state="normal">
 <source name="connectionicons" left="0" top="119" right="21" bottom="136"/>
</icon>
<icon type="dcc" state="select">
 <source name="connectionicons-selected" left="0" top="119" right="21" bottom="136"/>
</icon>
<icon type="dcc" state="hover">
 <source name="connectionicons-hover" left="0" top="119" right="21" bottom="136"/>
</icon>

<!-- dcc conference window -->
<icon type="dccconf" state="normal">
 <source name="connectionicons" left="0" top="136" right="21" bottom="153"/>
</icon>
<icon type="dccconf" state="select">
 <source name="connectionicons-selected" left="0" top="136" right="21" bottom="153"/>
</icon>
<icon type="dccconf" state="hover">
 <source name="connectionicons-hover" left="0" top="136" right="21" bottom="153"/>
</icon>

<!-- channel group-->
<icon type="channelgroup" state="normal">
 <source name="connectionicons" left="0" top="153" right="21" bottom="170"/>
</icon>
<icon type="channelgroup" state="select">
 <source name="connectionicons-selected" left="0" top="153" right="21" bottom="170"/>
</icon>
<icon type="channelgroup" state="hover">
 <source name="connectionicons-hover" left="0" top="153" right="21" bottom="170"/>
</icon>

<!-- private msg group -->
<icon type="privmsggroup" state="normal">
 <source name="connectionicons" left="0" top="170" right="21" bottom="187"/>
</icon>
<icon type="privmsggroup" state="select">
 <source name="connectionicons-selected" left="0" top="170" right="21" bottom="187"/>
</icon>
<icon type="privmsggroup" state="hover">
 <source name="connectionicons-hover" left="0" top="170" right="21" bottom="187"/>
</icon>

<!-- minimized -->
<icon type="minimize" state="normal">
 <source name="connectionicons" left="0" top="187" right="21" bottom="204"/>
</icon>
<icon type="minimize" state="select">
 <source name="connectionicons-selected" left="0" top="187" right="21" bottom="204"/>
</icon>
<icon type="minimize" state="hover">
 <source name="connectionicons-hover" left="0" top="187" right="21" bottom="204"/>
</icon>

