<version Trillian="0.70"/>

<!-- Console Icontrols

minimize Minimizes the window 
maximize Maximizes the window 
hide Hides the window 
medium Iif a switcher control is used to display the medium then this is the icontrol 
server Name of server (displays user UIN etc for no - irc) 


remove-connection Kills the window and the connection - control code the same as close 
scrollup Scroll up button 
scrollbar The actual slider bar 
scrolldown Scroll down button 
options Brings up the right click menu from a button 
toolbar-history Brings up the log 
nick Displays your nick 
display The connection messages etc 
edit Type commands (irc only) 
timer How long you've been connected 
toolbar-mute Turns sounds off 
send Flashing light to signify sent data 
recv Flashing light to signify recieved data 
send_message Sends the contents of 'edit' (irc only) 
away Shows if away 
irctoolbar-join Join a channel (irc only) 
irctoolbar-list Lists channels (irc only) 
irctoolbar-privmsg Send a private message (irc only) 
irctoolbar-dccfile Send a file by DCC (irc only) 
irctoolbar-dccchat DCC chat (irc only) 
irctoolbar-edccchat Encrypted DCC chat (irc only) 


 

-->

<skindesc 
 name="Aikon2" 
 author="juzmental"
 email="eviljuz@optushome.com.au"
/>

<!-- Template window -->
<component name="connectionconsole" minx="260" miny="260" defaultx="260" defaulty="260">
<mainregion usebitmap="1"></mainregion>
&resize;

<!-- IMAGES -->

<background name="upperleft" transred="255" transgreen="0" transblue="255">
 <source name="consolegfx" left="0" top="0" right="163" bottom="46"/>
 <rect>
  <left num="0" width="0"/>
  <top num="0" height="0"/>
  <right num="163" width="0"/>
  <bottom num="46" height="0"/>
 </rect>
</background>

<background name="upper">
 <source name="consolegfx" left="164" top="0" right="191" bottom="46"/>
 <rect>
  <left num="163" width="0"/>
  <top num="0" height="0"/>
  <right num="58" width="1"/>
  <bottom num="46" height="0"/>
 </rect>
</background>

<background name="upperright" transred="255" transgreen="0" transblue="255">
 <source name="consolegfx" left="196" top="0" right="254" bottom="46"/>
 <rect>
  <left num="58" width="1"/>
  <top num="0" height="0"/>
  <right num="0" width="1"/>
  <bottom num="46" height="0"/>
 </rect>
</background>

<background name="left">
 <source name="consolegfx" left="0" top="54" right="32" bottom="75"/>
 <rect>
  <left num="0" width="0"/>
  <top num="46" height="0"/>
  <right num="32" width="0"/>
  <bottom num="0" height="1"/>
 </rect>
</background>

<background name="right">
 <source name="consolegfx" left="222" top="54" right="254" bottom="75"/>
 <rect>
  <left num="32" width="1"/>
  <top num="46" height="0"/>
  <right num="0" width="1"/>
  <bottom num="0" height="1"/>
 </rect>
</background>

<background name="lowerleft" transred="255" transgreen="0" transblue="255">
 <source name="consolegfx" left="0" top="124" right="39" bottom="157"/>
 <rect>
  <left num="0" width="0"/>
  <top num="33" height="1"/>
  <right num="39" width="0"/>
  <bottom num="0" height="1"/>
 </rect>
</background>

<background name="lower">
 <source name="consolegfx" left="59" top="124" right="98" bottom="157"/>
 <rect>
  <left num="39" width="0"/>
  <top num="33" height="1"/>
  <right num="29" width="1"/>
  <bottom num="0" height="1"/>
 </rect>
</background>

<background name="lowerright">
 <source name="consolegfx" left="222" top="127" right="254" bottom="157"/>
 <rect>
  <left num="32" width="1"/>
  <top num="30" height="1"/>
  <right num="0" width="1"/>
  <bottom num="0" height="1"/>
 </rect>
</background>

<!-- blank background colour -->
<color red="165" green="183" blue="143">   
 <rect>
  <left num="27" width="0"/>
  <top num="33" height="0"/>
  <right num="24" width="1"/>
  <bottom num="25" height="1"/>
 </rect>
</color>


<!-- ICONTROLS -->

<!-- Hide Button-->
<icontrol source="close" name="hide" visible="1">
 <rect>
  <left num="36" width="1"/>
  <top num="1" height="0"/>
  <right num="21" width="1"/>
  <bottom num="19" height="0"/>
 </rect>
</icontrol>

<!-- Msg Window Minimise -->
<icontrol source="msg-minimize" name="minimize" visible="1">
 <rect>
  <left num="67" width="1"/>
  <top num="0" height="0"/>
  <right num="51" width="1"/>
  <bottom num="19" height="0"/>
 </rect>
</icontrol>

<!-- Msg Window Maximise -->
<icontrol source="msg-maximize" name="maximize" visible="1">
 <rect>
  <left num="50" width="1"/>
  <top num="0" height="0"/>
  <right num="36" width="1"/>
  <bottom num="19" height="0"/>
 </rect>
</icontrol>

<icontrol source="display-console" name="display" visible="1"> 
  <rect>
   <left num="25" width="0"/>
   <top num="33" height="0"/> 
   <right num="32" width="1"/>
   <bottom num="25" height="1"/> 
 </rect>
</icontrol>

<!-- Msg Scroll Bar -->
<icontrol source="msg-scrollup-console" name="scrollup" visible="1">
 <rect>
  <left num="32" width="1"/>
  <top num="33" height="0"/>
  <right num="19" width="1"/>
  <bottom num="45" height="0"/>
 </rect>
</icontrol>
<icontrol source="msg-scroll-console" name="scrollbar" visible="1">
 <rect>
  <left num="32" width="1"/>
  <top num="45" height="0"/>
  <right num="19" width="1"/>
  <bottom num="37" height="1"/>
 </rect>
</icontrol>
<icontrol source="msg-scrolldown-console" name="scrolldown" visible="1">
 <rect>
  <left num="32" width="1"/>
  <top num="37" height="1"/>
  <right num="19" width="1"/>
  <bottom num="25" height="1"/>
 </rect>
</icontrol>


<icontrol source="username-white" name="server" visible="1">
  <rect>
   <left num="38" width="0"/>
   <top num="9" height="0"/>
   <right num="80" width="1"/>
   <bottom num="25" height="0"/>
  </rect>
</icontrol>

<!-- Medium Status -->
<icontrol source="medium-status" name="medium" visible="1">
 <rect>
  <left num="20" width="0"/>
  <top num="8" height="0"/>
  <right num="38" width="0"/>
  <bottom num="26" height="0"/>
 </rect>
</icontrol>



</component>