<!--
Aikon Squared
by: Justin "juzmental" Trevena
eviljuz@optushome.com.au
-->


<skindesc 
 name="Aikon2" 
 author="juzmental"
 email="eviljuz@optushome.com.au"
 attempts_to_get_aim_buddy_icons_to_receive="too many"
/>

<!-- Template window -->
<component name="connectionconsole-irc" minx="260" miny="260" defaultx="260" defaulty="260">
<mainregion usebitmap="1"></mainregion>
&resize;

<!-- IMAGES -->

<background name="upperleft" transred="255" transgreen="0" transblue="255">
 <source name="consolegfx-irc" left="0" top="0" right="163" bottom="65"/>
 <rect>
  <left num="0" width="0"/>
  <top num="0" height="0"/>
  <right num="163" width="0"/>
  <bottom num="65" height="0"/>
 </rect>
</background>

<background name="upper">
 <source name="consolegfx-irc" left="164" top="0" right="191" bottom="65"/>
 <rect>
  <left num="163" width="0"/>
  <top num="0" height="0"/>
  <right num="58" width="1"/>
  <bottom num="65" height="0"/>
 </rect>
</background>

<background name="upperright" transred="255" transgreen="0" transblue="255">
 <source name="consolegfx-irc" left="196" top="0" right="254" bottom="65"/>
 <rect>
  <left num="58" width="1"/>
  <top num="0" height="0"/>
  <right num="0" width="1"/>
  <bottom num="65" height="0"/>
 </rect>
</background>

<background name="left">
 <source name="consolegfx-irc" left="0" top="66" right="32" bottom="75"/>
 <rect>
  <left num="0" width="0"/>
  <top num="65" height="0"/>
  <right num="32" width="0"/>
  <bottom num="0" height="1"/>
 </rect>
</background>

<background name="right">
 <source name="consolegfx-irc" left="222" top="66" right="254" bottom="75"/>
 <rect>
  <left num="32" width="1"/>
  <top num="65" height="0"/>
  <right num="0" width="1"/>
  <bottom num="0" height="1"/>
 </rect>
</background>

<background name="lowerleft" transred="255" transgreen="0" transblue="255">
 <source name="consolegfx-irc" left="0" top="117" right="39" bottom="157"/>
 <rect>
  <left num="0" width="0"/>
  <top num="40" height="1"/>
  <right num="39" width="0"/>
  <bottom num="0" height="1"/>
 </rect>
</background>

<background name="lower">
 <source name="consolegfx-irc" left="59" top="117" right="98" bottom="157"/>
 <rect>
  <left num="39" width="0"/>
  <top num="40" height="1"/>
  <right num="29" width="1"/>
  <bottom num="0" height="1"/>
 </rect>
</background>

<background name="lowerright">
 <source name="consolegfx-irc" left="222" top="117" right="254" bottom="157"/>
 <rect>
  <left num="32" width="1"/>
  <top num="40" height="1"/>
  <right num="0" width="1"/>
  <bottom num="0" height="1"/>
 </rect>
</background>

<!-- blank background colour -->
<color red="165" green="183" blue="143">  
 <rect>
  <left num="27" width="0"/>
  <top num="33" height="0"/>
  <right num="24" width="1"/>
  <bottom num="25" height="1"/>
 </rect>
</color>


<!-- ICONTROLS -->

<!-- Hide Button-->
<icontrol source="close" name="hide" visible="1">
 <rect>
  <left num="36" width="1"/>
  <top num="1" height="0"/>
  <right num="21" width="1"/>
  <bottom num="19" height="0"/>
 </rect>
</icontrol>

<!-- Msg Window Minimise -->
<icontrol source="msg-minimize" name="minimize" visible="1">
 <rect>
  <left num="67" width="1"/>
  <top num="0" height="0"/>
  <right num="51" width="1"/>
  <bottom num="19" height="0"/>
 </rect>
</icontrol>

<!-- Msg Window Maximise -->
<icontrol source="msg-maximize" name="maximize" visible="1">
 <rect>
  <left num="50" width="1"/>
  <top num="0" height="0"/>
  <right num="36" width="1"/>
  <bottom num="19" height="0"/>
 </rect>
</icontrol>

<icontrol source="display-console" name="display" visible="1"> 
  <rect>
   <left num="25" width="0"/>
   <top num="65" height="0"/> 
   <right num="33" width="1"/>
   <bottom num="41" height="1"/> 
 </rect>
</icontrol>

<icontrol source="edit-console" name="edit" visible="1">
 <rect>
  <left num="24" width="0"/>
  <top num="38" height="1"/>
  <right num="24" width="1"/>
  <bottom num="21" height="1"/>
 </rect>
</icontrol>


<icontrol source="username-white" name="server" visible="1">
  <rect>
   <left num="38" width="0"/>
   <top num="9" height="0"/>
   <right num="80" width="1"/>
   <bottom num="25" height="0"/>
  </rect>
</icontrol>

<icontrol source="dark-text" name="nick" visible="1">
  <rect>
   <left num="24" width="0"/>
   <top num="47" height="0"/>
   <right num="80" width="1"/>
   <bottom num="63" height="0"/>
  </rect>
</icontrol>

<icontrol source="dark-text" name="timer" visible="1">
  <rect>
   <left num="79" width="1"/>
   <top num="47" height="0"/>
   <right num="20" width="1"/>
   <bottom num="63" height="0"/>
  </rect>
</icontrol>



<!-- Medium Status -->
<icontrol source="medium-status" name="medium" visible="1">
 <rect>
  <left num="20" width="0"/>
  <top num="8" height="0"/>
  <right num="38" width="0"/>
  <bottom num="26" height="0"/>
 </rect>
</icontrol>

<!-- Join -->
<icontrol source="irctoolbarjoin" name="irctoolbar-join" visible="1">
 <rect>
  <left num="25" width="0"/>
  <top num="30" height="0"/>
  <right num="40" width="0"/>
  <bottom num="44" height="0"/>
 </rect>
</icontrol>

<!-- List -->
<icontrol source="irctoolbarlist" name="irctoolbar-list" visible="1">
 <rect>
  <left num="40" width="0"/>
  <top num="30" height="0"/>
  <right num="59" width="0"/>
  <bottom num="44" height="0"/>
 </rect>
</icontrol>

<!-- PM -->
<icontrol source="irctoolbarprivmsg" name="irctoolbar-privmsg" visible="1">
 <rect>
  <left num="59" width="0"/>
  <top num="30" height="0"/>
  <right num="78" width="0"/>
  <bottom num="44" height="0"/>
 </rect>
</icontrol>

<!-- DCC File -->
<icontrol source="irctoolbardccfile" name="irctoolbar-dccfile" visible="1">
 <rect>
  <left num="78" width="0"/>
  <top num="30" height="0"/>
  <right num="90" width="0"/>
  <bottom num="44" height="0"/>
 </rect>
</icontrol>

<!-- DCC Chat -->
<icontrol source="irctoolbardccchat" name="irctoolbar-dccchat" visible="1">
 <rect>
  <left num="90" width="0"/>
  <top num="30" height="0"/>
  <right num="105" width="0"/>
  <bottom num="44" height="0"/>
 </rect>
</icontrol>

<!-- eDCC Chat -->
<icontrol source="irctoolbaredccchat" name="irctoolbar-edccchat" visible="1">
 <rect>
  <left num="105" width="0"/>
  <top num="30" height="0"/>
  <right num="124" width="0"/>
  <bottom num="44" height="0"/>
 </rect>
</icontrol>

<!-- Finger -->
<icontrol source="irctoolbarfinger" name="irctoolbar-finger" visible="1">
 <rect>
  <left num="124" width="0"/>
  <top num="30" height="0"/>
  <right num="140" width="0"/>
  <bottom num="44" height="0"/>
 </rect>
</icontrol>

<!-- History -->
<icontrol source="msg-history" name="toolbar-history" visible="1">
 <rect>
  <left num="140" width="0"/>
  <top num="30" height="0"/>
  <right num="157" width="0"/>
  <bottom num="44" height="0"/>
 </rect>
</icontrol>

<!-- Mute -->
<icontrol source="msg-mute" name="toolbar-mute" visible="1">
 <rect>
  <left num="157" width="0"/>
  <top num="30" height="0"/>
  <right num="170" width="0"/>
  <bottom num="44" height="0"/>
 </rect>
</icontrol>

<!-- Away -->
<icontrol source="ircaway" name="away" visible="1">
 <rect>
  <left num="34" width="1"/>
  <top num="31" height="0"/>
  <right num="22" width="1"/>
  <bottom num="43" height="0"/>
 </rect>
</icontrol>



<!-- Msg Scroll Bar -->
<icontrol source="msg-scrollup-console" name="scrollup" visible="1">
 <rect>
  <left num="32" width="1"/>
  <top num="64" height="0"/>
  <right num="19" width="1"/>
  <bottom num="76" height="0"/>
 </rect>
</icontrol>
<icontrol source="msg-scroll-console" name="scrollbar" visible="1">
 <rect>
  <left num="32" width="1"/>
  <top num="76" height="0"/>
  <right num="19" width="1"/>
  <bottom num="51" height="1"/>
 </rect>
</icontrol>
<icontrol source="msg-scrolldown-console" name="scrolldown" visible="1">
 <rect>
  <left num="32" width="1"/>
  <top num="51" height="1"/>
  <right num="19" width="1"/>
  <bottom num="39" height="1"/>
 </rect>
</icontrol>



</component>