<version Trillian="0.70"/>

<!--
Aikon Squared
by: Justin "juzmental" Trevena
eviljuz@optushome.com.au
-->


<skindesc 
 name="Aikon2" 
 author="juzmental"
 email="eviljuz@optushome.com.au"
/>

<!-- Container window -->
<component name="container" minx="260" miny="260" defaultx="260" defaulty="260">
<mainregion usebitmap="1"></mainregion>
&resize;

<!-- IMAGES -->

<background name="upperleft" transred="255" transgreen="0" transblue="255">
 <source name="containergfx" left="0" top="0" right="88" bottom="49"/>
 <rect>
  <left num="0" width="0"/>
  <top num="0" height="0"/>
  <right num="88" width="0"/>
  <bottom num="49" height="0"/>
 </rect>
</background>

<background name="upper">
 <source name="containergfx" left="88" top="0" right="100" bottom="49"/>
 <rect>
  <left num="88" width="0"/>
  <top num="0" height="0"/>
  <right num="56" width="1"/>
  <bottom num="49" height="0"/>
 </rect>
</background>

<background name="upperright" transred="255" transgreen="0" transblue="255">
 <source name="containergfx" left="170" top="0" right="226" bottom="49"/>
 <rect>
  <left num="56" width="1"/>
  <top num="0" height="0"/>
  <right num="0" width="1"/>
  <bottom num="49" height="0"/>
 </rect>
</background>

<background name="left">
 <source name="containergfx" left="0" top="49" right="32" bottom="86"/>
 <rect>
  <left num="0" width="0"/>
  <top num="49" height="0"/>
  <right num="32" width="0"/>
  <bottom num="59" height="1"/>
 </rect>
</background>

<background name="right">
 <source name="containergfx" left="194" top="49" right="226" bottom="86"/>
 <rect>
  <left num="32" width="1"/>
  <top num="49" height="0"/>
  <right num="0" width="1"/>
  <bottom num="59" height="1"/>
 </rect>
</background>

<background name="lowerleft" transred="255" transgreen="0" transblue="255">
 <source name="containergfx" left="0" top="86" right="39" bottom="145"/>
 <rect>
  <left num="0" width="0"/>
  <top num="59" height="1"/>
  <right num="39" width="0"/>
  <bottom num="0" height="1"/>
 </rect>
</background>

<background name="lower">
 <source name="containergfx" left="59" top="86" right="98" bottom="145"/>
 <rect>
  <left num="39" width="0"/>
  <top num="59" height="1"/>
  <right num="39" width="1"/>
  <bottom num="0" height="1"/>
 </rect>
</background>

<background name="lowerright" transred="255" transgreen="0" transblue="255">
 <source name="containergfx" left="116" top="86" right="226" bottom="145"/>
 <rect>
  <left num="110" width="1"/>
  <top num="59" height="1"/>
  <right num="0" width="1"/>
  <bottom num="0" height="1"/>
 </rect>
</background>

<!-- blank background colour -->
<color red="165" green="183" blue="143">  
 <rect>
  <left num="25" width="0"/>
  <top num="48" height="0"/>
  <right num="23" width="1"/>
  <bottom num="52" height="1"/>
 </rect>
</color>


<!-- ICONTROLS -->

<!-- Hide Button-->
<icontrol source="close" name="hide" visible="1">
 <rect>
  <left num="36" width="1"/>
  <top num="1" height="0"/>
  <right num="21" width="1"/>
  <bottom num="19" height="0"/>
 </rect>
</icontrol>

<!-- Msg Window Minimise -->
<icontrol source="msg-minimize" name="minimize" visible="1">
 <rect>
  <left num="67" width="1"/>
  <top num="0" height="0"/>
  <right num="51" width="1"/>
  <bottom num="19" height="0"/>
 </rect>
</icontrol>

<!-- Msg Window Maximise -->
<icontrol source="msg-maximize" name="maximize" visible="1">
 <rect>
  <left num="50" width="1"/>
  <top num="0" height="0"/>
  <right num="36" width="1"/>
  <bottom num="19" height="0"/>
 </rect>
</icontrol>


<icontrol source="boundary" name="boundary" visible="1"> 
  <rect>
   <left num="25" width="0"/>
   <top num="52" height="0"/> 
   <right num="23" width="1"/>
   <bottom num="52" height="1"/> 
 </rect>
</icontrol>

<icontrol source="taskbar" name="taskbar" visible="1"> 
  <rect>
   <left num="24" width="0"/>
   <top num="28" height="0"/> 
   <right num="23" width="1"/>
   <bottom num="48" height="0"/> 
 </rect>
</icontrol>


<icontrol source="username-white" name="windowName" visible="1">
  <rect>
   <left num="45" width="0"/>
   <top num="9" height="0"/>
   <right num="80" width="1"/>
   <bottom num="25" height="0"/>
  </rect>
</icontrol>


</component>