<!--
Aikon Squared
by: Justin "juzmental" Trevena
eviljuz@optushome.com.au
-->

<color name="textglow-fore" red="0" green="0" blue="150"/>
<color name="nickglow-fore" red="150" green="0" blue="0"/>
<color name="hover-back"  red="99"   green="108"  blue="90"/>
<color name="hover-fore"  red="255"  green="255"   blue="255"/>
<color name="select-back" red="137"   green="153"  blue="117"/>
<color name="select-fore" red="0"  green="0"   blue="0"/>
<color name="normal-back" red="165" green="183" blue="143"/>
<color name="normal-fore" red="0" green="0" blue="0"/>

<color name="section-back" red="72" green="82" blue="58"/>
<color name="section-fore" red="165" green="183" blue="143"/>
<color name="section-select-back" red="43" green="50" blue="34"/>
<color name="section-select-fore" red="165" green="183" blue="143"/>
<color name="section-hover-back" red="91" green="101" blue="76"/>
<color name="section-hover-fore" red="165" green="183" blue="143"/>

<color name="idle-fore" red="120"  green="131"   blue="107"/>

<color name="online-fore" red="0"  green="0"   blue="0"/>
<color name="offline-fore" red="65"  green="71"   blue="58"/>

<color name="recent-online-fore" red="255" green="255" blue="255"/>
<color name="recent-offline-fore" red="102" green="110" blue="93"/>
<color name="away-fore" red="15" green="15" blue="15"/>
<color name="maybe-fore" red="10" green="10" blue="10"/>
<color name="many-fore" red="5" green="5" blue="5"/>
<color name="blocked-fore" red="135" green="0" blue="0"/>
<color name="group-fore" red="0"  green="0"   blue="0"/>
<color name="mixed-fore" red="5" green="5" blue="5"/>
<color name="multi-fore" red="5" green="5" blue="5"/>
<color name="invisible-fore" red="5" green="5" blue="5"/>
<color name="appear offline-fore" red="5" green="5" blue="5"/>
<color name="free for chat-fore" red="0" green="0" blue="0"/>
<color name="not available-fore" red="15" green="15" blue="15"/>
<color name="occupied-fore" red="15" green="15" blue="15"/>
<color name="dnd-fore" red="15" green="15" blue="15"/>
<color name="busy-fore" red="15" green="15" blue="15"/>
<color name="be right back-fore" red="15" green="15" blue="15"/>
<color name="on the phone-fore" red="15" green="15" blue="15"/>
<color name="out to lunch-fore" red="15" green="15" blue="15"/>
<color name="not at home-fore" red="15" green="15" blue="15"/>
<color name="not at my desk-fore" red="15" green="15" blue="15"/>
<color name="not in the office-fore" red="15" green="15" blue="15"/>
<color name="on vacation-fore" red="15" green="15" blue="15"/>
<color name="stepped out-fore" red="15" green="15" blue="15"/>
<color name="normal-fore" red="0"  green="0"   blue="0"/>

<color name="metacontact-online-fore" red="0"  green="0"   blue="0"/>
<color name="metacontact-offline-fore" red="65"  green="71"   blue="58"/>
<color name="metacontact-recent-online-fore" red="255" green="255" blue="255"/>
<color name="metacontact-recent-offline-fore" red="102" green="110" blue="93"/>
<color name="metacontact-away-fore" red="15" green="15" blue="15"/>

<font name="metacontact" size="8"/>
<font name="metacontact-recent-online" bold="1" size="8"/>
<font name="metacontact-recent-offline" size="8"/>
<font name="metacontact-away" italics="1" size="8"/>
<font name="metacontact-online" size="8"/>
<font name="metacontact-offline" size="8"/>

<font name="default" size="8"/>
<font name="group" bold="1" size="8"/>
<font name="online" size="8"/>
<font name="mixed" size="8"/>
<font name="multi" size="8"/>
<font name="offline" size="8"/>
<font name="invisible" size="8"/>
<font name="appear offline" size="8"/>
<font name="recent-online" bold="1" size="8"/>
<font name="recent-offline" bold="1" size="8"/>
<font name="blocked" italics="1" size="8"/>
<font name="maybe" italics="1" size="8"/>
<font name="away" italics="1" size="8"/>
<font name="idle" italics="1" size="8"/>
<font name="free for chat" size="8"/>
<font name="not available" italics="1" size="8"/>
<font name="occupied" italics="1" size="8"/>
<font name="dnd" italics="1" size="8"/>
<font name="busy" italics="1" size="8"/>
<font name="be right back" italics="1" size="8"/>
<font name="on the phone" italics="1" size="8"/>
<font name="out to lunch" italics="1" size="8"/>
<font name="not at home" italics="1" size="8"/>
<font name="not at my desk" italics="1" size="8"/>
<font name="not in the office" italics="1" size="8"/>
<font name="on vacation" italics="1" size="8"/>
<font name="stepped out" italics="1" size="8"/>