
	<emoticon text=":-)" button="yes">
		<source name="tpemoticons" left="0" right="16" top="0" bottom="16"/>
	</emoticon>
	<emoticon text=":)">
		<source name="tpemoticons" left="0" right="16" top="0" bottom="16"/>
	</emoticon>
	<emoticon text=":-(" button="yes">
		<source name="tpemoticons" left="0" right="16" top="16" bottom="32"/>
	</emoticon>
	<emoticon text=":(">
		<source name="tpemoticons" left="0" right="16" top="16" bottom="32"/>
	</emoticon>
	<emoticon text=";-)" button="yes">
		<source name="tpemoticons" left="0" right="16" top="32" bottom="48"/>
	</emoticon>
	<emoticon text=";)">
		<source name="tpemoticons" left="0" right="16" top="32" bottom="48"/>
	</emoticon>
	<emoticon text=":-D" button="yes">
		<source name="tpemoticons" left="0" right="16" top="48" bottom="64"/>
	</emoticon>
	<emoticon text=":D">
		<source name="tpemoticons" left="0" right="16" top="48" bottom="64"/>
	</emoticon>
	<emoticon text=":-S" button="yes">
		<source name="tpemoticons" left="0" right="16" top="64" bottom="80"/>
	</emoticon>
	<emoticon text=":-s">
		<source name="tpemoticons" left="0" right="16" top="64" bottom="80"/>
	</emoticon>
	<emoticon text=":S">
		<source name="tpemoticons" left="0" right="16" top="64" bottom="80"/>
	</emoticon>
	<emoticon text=":-P" button="yes">
		<source name="tpemoticons" left="0" right="16" top="80" bottom="96"/>
	</emoticon>
	<emoticon text=":-p">
		<source name="tpemoticons" left="0" right="16" top="80" bottom="96"/>
	</emoticon>
	<emoticon text=":P">
		<source name="tpemoticons" left="0" right="16" top="80" bottom="96"/>
	</emoticon>
	<emoticon text=":p">
		<source name="tpemoticons" left="0" right="16" top="80" bottom="96"/>
	</emoticon>
	<emoticon text=":-$" button="yes">
		<source name="tpemoticons" left="0" right="16" top="96" bottom="112"/>
	</emoticon>
	<emoticon text=":-O" button="yes">
		<source name="tpemoticons" left="0" right="16" top="112" bottom="128"/>
	</emoticon>
	<emoticon text=":-o">
		<source name="tpemoticons" left="0" right="16" top="112" bottom="128"/>
	</emoticon>
	<emoticon text=":O">
		<source name="tpemoticons" left="0" right="16" top="112" bottom="128"/>
	</emoticon>
	<emoticon text=":o">
		<source name="tpemoticons" left="0" right="16" top="112" bottom="128"/>
	</emoticon>
	<emoticon text=":-|" button="yes">
		<source name="tpemoticons" left="0" right="16" top="128" bottom="144"/>
	</emoticon>
	<emoticon text=":|">
		<source name="tpemoticons" left="0" right="16" top="128" bottom="144"/>
	</emoticon>
	<emoticon text="&gt;-|" button="yes">
		<source name="tpemoticons" left="0" right="16" top="144" bottom="160"/>
	</emoticon>
	<emoticon text="&gt;|">
		<source name="tpemoticons" left="0" right="16" top="144" bottom="160"/>
	</emoticon>
	<emoticon text="(A)" button="yes">
		<source name="tpemoticons" left="0" right="16" top="160" bottom="176"/>
	</emoticon>
	<emoticon text="(a)">
		<source name="tpemoticons" left="0" right="16" top="160" bottom="176"/>
	</emoticon>
	<emoticon text="(H)" button="yes">
		<source name="tpemoticons" left="0" right="16" top="176" bottom="192"/>
	</emoticon>
	<emoticon text="(h)">
		<source name="tpemoticons" left="0" right="16" top="176" bottom="192"/>
	</emoticon>
	<emoticon text="(6)" button="yes">
		<source name="tpemoticons" left="0" right="16" top="192" bottom="208"/>
	</emoticon>
	<emoticon text=":'(" button="yes">
		<source name="tpemoticons" left="0" right="16" top="208" bottom="224"/>
	</emoticon>
	<emoticon text="(F)" button="yes">
		<source name="tpemoticons" left="16" right="32" top="0" bottom="16"/>
	</emoticon>
	<emoticon text="(f)">
		<source name="tpemoticons" left="16" right="32" top="0" bottom="16"/>
	</emoticon>
	<emoticon text="(W)" button="yes">
		<source name="tpemoticons" left="16" right="32" top="16" bottom="32"/>
	</emoticon>
	<emoticon text="(w)">
		<source name="tpemoticons" left="16" right="32" top="16" bottom="32"/>
	</emoticon>
	<emoticon text="(I)" button="yes">
		<source name="tpemoticons" left="16" right="32" top="32" bottom="48"/>
	</emoticon>
	<emoticon text="(i)">
		<source name="tpemoticons" left="16" right="32" top="32" bottom="48"/>
	</emoticon>
	<emoticon text="(Z)" button="yes">
		<source name="tpemoticons" left="16" right="32" top="48" bottom="64"/>
	</emoticon>
	<emoticon text="(z)">
		<source name="tpemoticons" left="16" right="32" top="48" bottom="64"/>
	</emoticon>
	<emoticon text="(?)" button="yes">
		<source name="tpemoticons" left="16" right="32" top="80" bottom="96"/>
	</emoticon>
	<emoticon text="(@)" button="yes">
		<source name="tpemoticons" left="16" right="32" top="96" bottom="112"/>
	</emoticon>
	<emoticon text="(&amp;)" button="yes">
		<source name="tpemoticons" left="16" right="32" top="112" bottom="128"/>
	</emoticon>
	<emoticon text="(*)" button="yes">
		<source name="tpemoticons" left="16" right="32" top="128" bottom="144"/>
	</emoticon>
	<emoticon text="(S)" button="yes">
		<source name="tpemoticons" left="16" right="32" top="144" bottom="160"/>
	</emoticon>
	<emoticon text="(s)">
		<source name="tpemoticons" left="16" right="32" top="144" bottom="160"/>
	</emoticon>
	<emoticon text="(#)" button="yes">
		<source name="tpemoticons" left="16" right="32" top="160" bottom="176"/>
	</emoticon>
	<emoticon text="(8)" button="yes">
		<source name="tpemoticons" left="16" right="32" top="176" bottom="192"/>
	</emoticon>
	<emoticon text=":-[" button="yes">
		<source name="tpemoticons" left="16" right="32" top="192" bottom="208"/>
	</emoticon>
	<emoticon text=":[">
		<source name="tpemoticons" left="16" right="32" top="192" bottom="208"/>
	</emoticon>
	<emoticon text="(P)" button="yes">
		<source name="tpemoticons" left="16" right="32" top="208" bottom="224"/>
	</emoticon>
	<emoticon text="(p)">
		<source name="tpemoticons" left="16" right="32" top="208" bottom="224"/>
	</emoticon>
	<emoticon text="(~)" button="yes">
		<source name="tpemoticons" left="32" right="48" top="0" bottom="16"/>
	</emoticon>
	<emoticon text="(C)" button="yes">
		<source name="tpemoticons" left="32" right="48" top="16" bottom="32"/>
	</emoticon>
	<emoticon text="(c)">
		<source name="tpemoticons" left="32" right="48" top="16" bottom="32"/>
	</emoticon>
	<emoticon text="(G)" button="yes">
		<source name="tpemoticons" left="32" right="48" top="32" bottom="48"/>
	</emoticon>
	<emoticon text="(g)">
		<source name="tpemoticons" left="32" right="48" top="32" bottom="48"/>
	</emoticon>
	<emoticon text="(E)" button="yes">
		<source name="tpemoticons" left="32" right="48" top="48" bottom="64"/>
	</emoticon>
	<emoticon text="(e)">
		<source name="tpemoticons" left="32" right="48" top="48" bottom="64"/>
	</emoticon>
	<emoticon text="(N)" button="yes">
		<source name="tpemoticons" left="32" right="48" top="64" bottom="80"/>
	</emoticon>
	<emoticon text="(n)">
		<source name="tpemoticons" left="32" right="48" top="64" bottom="80"/>
	</emoticon>
	<emoticon text="(Y)" button="yes">
		<source name="tpemoticons" left="32" right="48" top="80" bottom="96"/>
	</emoticon>
	<emoticon text="(y)">
		<source name="tpemoticons" left="32" right="48" top="80" bottom="96"/>
	</emoticon>
	<emoticon text="(X)" button="yes">
		<source name="tpemoticons" left="16" right="32" top="64" bottom="80"/>
	</emoticon>
	<emoticon text="(x)">
		<source name="tpemoticons" left="16" right="32" top="64" bottom="80"/>
	</emoticon>
	<emoticon text="({)" button="yes">
		<source name="tpemoticons" left="32" right="48" top="96" bottom="112"/>
	</emoticon>
	<emoticon text="(})" button="yes">
		<source name="tpemoticons" left="32" right="48" top="112" bottom="128"/>
	</emoticon>
	<emoticon text="(M)" button="yes">
		<source name="tpemoticons" left="32" right="48" top="128" bottom="144"/>
	</emoticon>
	<emoticon text="(m)">
		<source name="tpemoticons" left="32" right="48" top="128" bottom="144"/>
	</emoticon>
	<emoticon text="(^)" button="yes">
		<source name="tpemoticons" left="32" right="48" top="144" bottom="160"/>
	</emoticon>
	<emoticon text="(L)" button="yes">
		<source name="tpemoticons" left="32" right="48" top="160" bottom="176"/>
	</emoticon>
	<emoticon text="(l)">
		<source name="tpemoticons" left="32" right="48" top="160" bottom="176"/>
	</emoticon>
	<emoticon text="(U)" button="yes">
		<source name="tpemoticons" left="32" right="48" top="176" bottom="192"/>
	</emoticon>
	<emoticon text="(u)">
		<source name="tpemoticons" left="32" right="48" top="176" bottom="192"/>
	</emoticon>
	<emoticon text="(K)" button="yes">
		<source name="tpemoticons" left="32" right="48" top="192" bottom="208"/>
	</emoticon>
	<emoticon text="(k)">
		<source name="tpemoticons" left="32" right="48" top="192" bottom="208"/>
	</emoticon>
	<emoticon text="(B)" button="yes">
		<source name="tpemoticons" left="32" right="48" top="208" bottom="224"/>
	</emoticon>
	<emoticon text="(b)">
		<source name="tpemoticons" left="32" right="48" top="208" bottom="224"/>
	</emoticon>
	<emoticon text="(D)" button="yes">
		<source name="tpemoticons" left="48" right="64" top="0" bottom="16"/>
	</emoticon>
	<emoticon text="(d)">
		<source name="tpemoticons" left="48" right="64" top="0" bottom="16"/>
	</emoticon>
	<emoticon text="(T)" button="yes">
		<source name="tpemoticons" left="48" right="64" top="16" bottom="32"/>
	</emoticon>
	<emoticon text="(t)">
		<source name="tpemoticons" left="48" right="64" top="16" bottom="32"/>
	</emoticon>
	<emoticon text="(O)" button="yes">
		<source name="tpemoticons" left="48" right="64" top="32" bottom="48"/>
	</emoticon>
	<emoticon text="(o)">
		<source name="tpemoticons" left="48" right="64" top="32" bottom="48"/>
	</emoticon>
	<emoticon text="BRB">
		<source name="tpemoticons" left="48" right="64" top="32" bottom="48"/>
	</emoticon>
	<emoticon text="brb">
		<source name="tpemoticons" left="48" right="64" top="32" bottom="48"/>
	</emoticon>
	<emoticon text="(R)" button="yes">
		<source name="tpemoticons" left="48" right="64" top="48" bottom="64"/>
	</emoticon>
	<emoticon text="(r)">
		<source name="tpemoticons" left="48" right="64" top="48" bottom="64"/>
	</emoticon>
	<emoticon text="ROFL" button="yes">
		<source name="tpemoticons" left="48" right="64" top="64" bottom="80"/>
	</emoticon>
	<emoticon text="rofl">
		<source name="tpemoticons" left="48" right="64" top="64" bottom="80"/>
	</emoticon>
	<emoticon text="LOL">
		<source name="tpemoticons" left="48" right="64" top="64" bottom="80"/>
	</emoticon>
	<emoticon text="lol">
		<source name="tpemoticons" left="48" right="64" top="64" bottom="80"/>
	</emoticon>