<!--
Aikon Squared
by: Justin "juzmental" Trevena
eviljuz@optushome.com.au
-->

<bitmap name="contactlistgfx" file="images/contactlist.bmp"/>
<bitmap name="containergfx" file="images/container.gif"/>
<bitmap name="connectionicons" file="images/connectionicons.gif"/>
<bitmap name="connectionicons-hover" file="images/connectionicons-hover.gif"/>
<bitmap name="connectionicons-selected" file="images/connectionicons-selected.gif"/>
<bitmap name="urlicons" file="images/urlicons.gif"/>
<bitmap name="urlicons-hover" file="images/urlicons-hover.gif"/>
<bitmap name="urlicons-selected" file="images/urlicons-selected.gif"/>
<bitmap name="contactlistbits" file="images/contactlistbits.bmp"/>
<bitmap name="templategfx" file="images/template.gif"/>
<bitmap name="templatebutt" file="images/template-butt.gif"/>
<bitmap name="templatebutthover" file="images/template-butt-hover.gif"/>
<bitmap name="templatebuttpush" file="images/template-butt-push.gif"/>
<bitmap name="templatebuttdisabled" file="images/template-butt-disabled.gif"/>
<bitmap name="messagewindowgfx" file="images/messagewindow.gif"/>
<bitmap name="messagewindowbits" file="images/messagewindowbits.gif"/>
<bitmap name="messagewindowicq" file="images/upperleft-icq.gif"/>
<bitmap name="minmaxcloseflat" file="images/minmaxclose-flat.gif"/>
<bitmap name="minmaxclosehover" file="images/minmaxclose-hover.gif"/>
<bitmap name="minmaxclosepush" file="images/minmaxclose-push.gif"/>
<bitmap name="yourstatusicons-normal" file="images/userstatus-flat.gif"/>
<bitmap name="yourstatusicons-hover" file="images/userstatus-hover.gif"/>
<bitmap name="yourstatusicons-select" file="images/userstatus-push.gif"/>
<bitmap name="buddystatusicons-normal" file="images/aikonicons.gif"/>
<bitmap name="buddystatusicons-hover" file="images/aikonicons-hover.gif"/>
<bitmap name="buddystatusicons-select" file="images/aikonicons-selected.gif"/>
<bitmap name="metastatusicons-normal" file="images/metaicons.gif"/>
<bitmap name="metastatusicons-hover" file="images/metaicons-hover.gif"/>
<bitmap name="metastatusicons-select" file="images/metaicons-selected.gif"/>
<bitmap name="channelgfx" file="images/channel.gif"/>
<bitmap name="consolegfx" file="images/console.gif"/>
<bitmap name="consolegfx-irc" file="images/console-irc.gif"/>
<bitmap name="aimodegfx" file="images/compact.gif"/>
<bitmap name="tpemoticons" file="images/emoticons.bmp"/>
<bitmap name="transfergfx" file="images/transfer.gif"/>
<bitmap name="notification" file="images/notification.bmp"/>
<bitmap name="alert-icons" file="images/alert-icons.bmp"/>


<sound name="beep" file="audio/beep.wav"/>

<!-- <sound name="Message: IM Inbound (in focus)" file="audio/.wav"/> --> <!-- I like a silent inbound when focused -->
<sound name="Message: IM Inbound (out of focus)" file="audio/incoming.wav"/>
<!-- <sound name="Message: IM Outbound" file="audio/.wav"/> --> <!-- Don't like an outbound sound -->
<sound name="Contact List: Contact signon" file="audio/online.wav"/>
<sound name="Contact List: Contact signoff" file="audio/offline.wav"/>
<sound name="Mail: New Mail" file="audio/sms.wav"/>
<sound name="Message: Pending Event" file="audio/incoming.wav"/>
<sound name="File Transfer: Pending Event" file="audio/sms.wav"/>
<!-- <sound name="Trillian: Load Program" file="audio/.wav"/> -->
<!-- <sound name="Trillian: Exit Program" file="audio/.wav"/> -->
