<component name="context-menu">

<!-- Menu Border -->
	<color red="0" green="0" blue="0">
		<rect>
			<left num="0" width="0"/>
			<right num="0" width="1"/>
			<top num="0" height="0"/>
			<bottom num="0" height="1"/>
		</rect>
	</color>

<!-- Menu Interior -->
	<color red="63" green="63" blue="63">
		<rect>
			<left num="1" width="0"/>
			<right num="1" width="1"/>
			<top num="1" height="0"/>
			<bottom num="1" height="1"/>
		</rect>
	</color>

<!--	<background name="left">
		<source name="Menu" left="2" right="29" top="2" bottom="28"/>
		<rect>
			<left num="1" width="0"/>
			<right num="29" width="0"/>
			<top num="1" height="0"/>
			<bottom num="1" height="1"/>
		</rect>
	</background>-->

	<icontrol source="contextmenus" name="menu" visible="1">
		<rect>
			<left num="2" width="0"/>
			<right num="2" width="1"/>
			<top num="2" height="0"/>
			<bottom num="2" height="1"/>
		</rect>
	</icontrol>

</component>