<!--
Aikon Squared
by: Justin "juzmental" Trevena
eviljuz@optushome.com.au
-->



<component name="message-msn" minx="296" miny="200" defaultx="296" defaulty="200">
<mainregion usebitmap="1"></mainregion>
 &resize;

<!-- Top of Message Window -->
<!-- Grabs the message-top component -->

 <frame source="msn-message-top" name="msn-message-top">
  <rect>
   <left num="0" width="0"/>
   <top num="0" height="0"/>
   <right num="0" width="1"/>
   <bottom num="0" orientation="above" source="msn-message-join"/>
  </rect>
 </frame>

<!-- Joining the top to the bottom -->

 <anchor name="msn-message-join" type="northsouth" saveable="yes">
  <location type="default" num="90" height="1"/>
  <location type="min" num="90" height="0"/>
  <location type="max" num="88" height="1"/>
  <resize type="northsouth">
   <rtype type="northsouth">
    <region type="rectangle" combinetype="or">
     <rect>
      <left num="8" width="0"/>
      <top num="10" orientation="above" source="msn-message-join"/>
      <right num="8" width="1"/>
      <bottom num="10" orientation="below" source="msn-message-join"/>
     </rect>
    </region>
   </rtype>
  </resize>
 </anchor>

<!-- Bottom of Message Window -->
<!-- Grabs the message-bottom component -->

 <frame source="msn-message-bottom" name="msn-message-bottom">
  <rect>
   <left num="0" width="0"/>
   <top num="0" orientation="below" source="msn-message-join"/>
   <right num="0" width="1"/>
   <bottom num="0" height="1"/>
  </rect>
 </frame> 

</component>

<!-- Message Top gfx layout and icontrols -->
<component name="msn-message-top">
<mainregion usebitmap="1"></mainregion>

<background name="upperleft" transred="255" transgreen="0" transblue="255">
 <source name="messagewindowgfx" left="0" top="0" right="163" bottom="46"/>
 <rect>
  <left num="0" width="0"/>
  <top num="0" height="0"/>
  <right num="163" width="0"/>
  <bottom num="46" height="0"/>
 </rect>
</background>

<background name="upper">
 <source name="messagewindowgfx" left="164" top="0" right="191" bottom="46"/>
 <rect>
  <left num="163" width="0"/>
  <top num="0" height="0"/>
  <right num="58" width="1"/>
  <bottom num="46" height="0"/>
 </rect>
</background>

<background name="upperright" transred="255" transgreen="0" transblue="255">
 <source name="messagewindowgfx" left="196" top="0" right="254" bottom="46"/>
 <rect>
  <left num="58" width="1"/>
  <top num="0" height="0"/>
  <right num="0" width="1"/>
  <bottom num="46" height="0"/>
 </rect>
</background>

<background name="left">
 <source name="messagewindowgfx" left="0" top="54" right="32" bottom="75"/>
 <rect>
  <left num="0" width="0"/>
  <top num="46" height="0"/>
  <right num="32" width="0"/>
  <bottom num="0" height="1"/>
 </rect>
</background>

<background name="right">
 <source name="messagewindowgfx" left="222" top="54" right="254" bottom="75"/>
 <rect>
  <left num="32" width="1"/>
  <top num="46" height="0"/>
  <right num="0" width="1"/>
  <bottom num="0" height="1"/>
 </rect>
</background>

<!-- Icontrols for the top part of the message window -->

<!-- Who you are chatting to -->
<icontrol source="username-white" name="channel" visible="1">
 <rect>
  <left num="45" width="0"/>
  <top num="9" height="0"/>
  <right num="85" width="1"/>
  <bottom num="25" height="0"/>
 </rect>
</icontrol>

<!-- Chat text -->
<icontrol source="display-console" name="display" visible="1">
 <rect>
  <left num="22" width="0"/>
  <top num="46" height="0"/>
  <right num="32" width="1"/>
  <bottom num="0" height="1"/>
 </rect>
</icontrol>

<!-- Window Close -->
<icontrol source="msg-close" name="close" visible="1">
 <rect>
  <left num="35" width="1"/>
  <top num="0" height="0"/>
  <right num="19" width="1"/>
  <bottom num="19" height="0"/>
 </rect>
</icontrol>

<!-- Window Hide -->
<icontrol source="hide2" name="hide" visible="1">
 <rect>
  <left num="51" width="1"/>
  <top num="0" height="0"/>
  <right num="35" width="1"/>
  <bottom num="19" height="0"/>
 </rect>
</icontrol>


<!-- Window Maximise -->
<icontrol source="msg-maximize" name="maximize" visible="1">
 <rect>
  <left num="65" width="1"/>
  <top num="0" height="0"/>
  <right num="51" width="1"/>
  <bottom num="19" height="0"/>
 </rect>
</icontrol>

<!-- Window Minimise -->
<icontrol source="msg-minimize" name="minimize" visible="1">
 <rect>
  <left num="82" width="1"/>
  <top num="0" height="0"/>
  <right num="66" width="1"/>
  <bottom num="19" height="0"/>
 </rect>
</icontrol>

<!-- Send File -->
<icontrol source="msg-sendfile" name="toolbar-sendfile" visible="1">
 <rect>
  <left num="23" width="0"/>
  <top num="30" height="0"/>
  <right num="39" width="0"/>
  <bottom num="44" height="0"/>
 </rect>
</icontrol>

<!-- Mute Audio -->
<icontrol source="msg-mute" name="toolbar-mute" visible="1">
 <rect>
  <left num="39" width="0"/>
  <top num="30" height="0"/>
  <right num="56" width="0"/>
  <bottom num="44" height="0"/>
 </rect>
</icontrol>

<!-- Add -->
<icontrol source="msg-add" name="toolbar-add" visible="1">
 <rect>
  <left num="56" width="0"/>
  <top num="30" height="0"/>
  <right num="71" width="0"/>
  <bottom num="44" height="0"/>
 </rect>
</icontrol>

<!-- Block -->
<icontrol source="msg-block" name="toolbar-block" visible="1">
 <rect>
  <left num="71" width="0"/>
  <top num="30" height="0"/>
  <right num="90" width="0"/>
  <bottom num="44" height="0"/>
 </rect>
</icontrol>

<!-- Invite -->
<icontrol source="msg-invite" name="toolbar-invite" visible="1">
 <rect>
  <left num="90" width="0"/>
  <top num="30" height="0"/>
  <right num="107" width="0"/>
  <bottom num="44" height="0"/>
 </rect>
</icontrol>

<!-- History -->
<icontrol source="msg-history" name="toolbar-history" visible="1">
 <rect>
  <left num="107" width="0"/>
  <top num="30" height="0"/>
  <right num="124" width="0"/>
  <bottom num="44" height="0"/>
 </rect>
</icontrol>

<!-- Buddy Info -->
<icontrol source="msg-info" name="toolbar-info" visible="1">
 <rect>
  <left num="124" width="0"/>
  <top num="30" height="0"/>
  <right num="139" width="0"/>
  <bottom num="44" height="0"/>
 </rect>
</icontrol>

<!-- Medium Status -->
<icontrol source="medium-status" name="medium" visible="1">
 <rect>
  <left num="20" width="0"/>
  <top num="8" height="0"/>
  <right num="38" width="0"/>
  <bottom num="26" height="0"/>
 </rect>
</icontrol>

<!-- Msg Scroll Bar -->
<icontrol source="msg-scrollup-console" name="scrollup" visible="1">
 <rect>
  <left num="32" width="1"/>
  <top num="47" height="0"/>
  <right num="19" width="1"/>
  <bottom num="59" height="0"/>
 </rect>
</icontrol>
<icontrol source="msg-scroll-console" name="scrollbar" visible="1">
 <rect>
  <left num="32" width="1"/>
  <top num="59" height="0"/>
  <right num="19" width="1"/>
  <bottom num="13" height="1"/>
 </rect>
</icontrol>
<icontrol source="msg-scrolldown-console" name="scrolldown" visible="1">
 <rect>
  <left num="32" width="1"/>
  <top num="13" height="1"/>
  <right num="19" width="1"/>
  <bottom num="1" height="1"/>
 </rect>
</icontrol>

<icontrol source="encrypted" name="encrypted_icon" visible="1">
 <rect>
  <left num="39" width="1"/>
  <top num="27" height="0"/>
  <right num="18" width="1"/>
  <bottom num="45" height="0"/>
 </rect>
</icontrol>



</component>



<!-- Message Bottom gfx layout and icontrols -->
<component name="msn-message-bottom">
<mainregion usebitmap="1"></mainregion>

<background name="upperleft" transred="255" transgreen="0" transblue="255">
 <source name="messagewindowgfx" left="0" top="78" right="131" bottom="100"/>
 <rect>
  <left num="0" width="0"/>
  <top num="0" height="0"/>
  <right num="131" width="0"/>
  <bottom num="22" height="0"/>
 </rect>
</background>

<background name="upper">
 <source name="messagewindowgfx" left="60" top="78" right="100" bottom="100"/>
 <rect>
  <left num="131" width="0"/>
  <top num="0" height="0"/>
  <right num="74" width="1"/>
  <bottom num="22" height="0"/>
 </rect>
</background>

<background name="upperright" transred="255" transgreen="0" transblue="255">
 <source name="messagewindowgfx" left="180" top="78" right="254" bottom="100"/>
 <rect>
  <left num="74" width="1"/>
  <top num="0" height="0"/>
  <right num="0" width="1"/>
  <bottom num="22" height="0"/>
 </rect>
</background>

<background name="left">
 <source name="messagewindowgfx" left="0" top="54" right="32" bottom="75"/>
 <rect>
  <left num="0" width="0"/>
  <top num="22" height="0"/>
  <right num="32" width="0"/>
  <bottom num="30" height="1"/>
 </rect>
</background>

<background name="right">
 <source name="messagewindowgfx" left="222" top="54" right="254" bottom="75"/>
 <rect>
  <left num="32" width="1"/>
  <top num="22" height="0"/>
  <right num="0" width="1"/>
  <bottom num="30" height="1"/>
 </rect>
</background>

<background name="lowerleft">
 <source name="messagewindowgfx" left="0" top="127" right="31" bottom="157"/>
 <rect>
  <left num="0" width="0"/>
  <top num="30" height="1"/>
  <right num="31" width="0"/>
  <bottom num="0" height="1"/>
 </rect>
</background>

<background name="lower">
 <source name="messagewindowgfx" left="52" top="127" right="83" bottom="157"/>
 <rect>
  <left num="31" width="0"/>
  <top num="30" height="1"/>
  <right num="31" width="1"/>
  <bottom num="0" height="1"/>
 </rect>
</background>

<background name="lowerright">
 <source name="messagewindowgfx" left="223" top="127" right="254" bottom="157"/>
 <rect>
  <left num="31" width="1"/>
  <top num="30" height="1"/>
  <right num="0" width="1"/>
  <bottom num="0" height="1"/>
 </rect>
</background>

<!-- Icontrols for the bottom part of the message window -->

<!-- Edit Text bit where you type -->
<icontrol source="edit-console" name="edit" visible="1">
 <rect>
  <left num="22" width="0"/>
  <top num="22" height="0"/>
  <right num="19" width="1"/>
  <bottom num="25" height="1"/>
 </rect>
</icontrol>

<!-- Text Colour -->
<icontrol source="msg-forecolor" name="editbar-forecolor" visible="1">
 <rect>
  <left num="23" width="0"/>
  <top num="3" height="0"/>
  <right num="39" width="0"/>
  <bottom num="17" height="0"/>
 </rect>
</icontrol>

<!-- Text Background Colour -->
<icontrol source="msg-backcolor" name="editbar-backcolor" visible="1">
 <rect>
  <left num="39" width="0"/>
  <top num="3" height="0"/>
  <right num="59" width="0"/>
  <bottom num="17" height="0"/>
 </rect>
</icontrol>

<!-- Font Smaller -->
<icontrol source="msg-sizesmaller" name="editbar-sizesmaller" visible="1">
 <rect>
  <left num="59" width="0"/>
  <top num="3" height="0"/>
  <right num="72" width="0"/>
  <bottom num="17" height="0"/>
 </rect>
</icontrol>

<!-- Font Normal Size -->
<icontrol source="msg-sizenormal" name="editbar-sizenormal" visible="1">
 <rect>
  <left num="72" width="0"/>
  <top num="3" height="0"/>
  <right num="86" width="0"/>
  <bottom num="17" height="0"/>
 </rect>
</icontrol>

<!-- Font Larger -->
<icontrol source="msg-sizelarger" name="editbar-sizelarger" visible="1">
 <rect>
  <left num="86" width="0"/>
  <top num="3" height="0"/>
  <right num="106" width="0"/>
  <bottom num="17" height="0"/>
 </rect>
</icontrol>

<!-- Bold Text -->
<icontrol source="msg-bold" name="editbar-bold" visible="1">
 <rect>
  <left num="106" width="0"/>
  <top num="3" height="0"/>
  <right num="120" width="0"/>
  <bottom num="17" height="0"/>
 </rect>
</icontrol>

<!-- Italics Text -->
<icontrol source="msg-italics" name="editbar-italics" visible="1">
 <rect>
  <left num="120" width="0"/>
  <top num="3" height="0"/>
  <right num="132" width="0"/>
  <bottom num="17" height="0"/>
 </rect>
</icontrol>

<!-- Underline Text -->
<icontrol source="msg-underline" name="editbar-underline" visible="1">
 <rect>
  <left num="132" width="0"/>
  <top num="3" height="0"/>
  <right num="150" width="0"/>
  <bottom num="17" height="0"/>
 </rect>
</icontrol>

<!-- Send Link/URL -->
<icontrol source="msg-link" name="editbar-link" visible="1">
 <rect>
  <left num="150" width="0"/>
  <top num="3" height="0"/>
  <right num="165" width="0"/>
  <bottom num="17" height="0"/>
 </rect>
</icontrol>

<!-- Show Emoticons -->
<icontrol source="msg-emoticon" name="editbar-emoticon" visible="1">
 <rect>
  <left num="166" width="0"/>
  <top num="3" height="0"/>
  <right num="181" width="0"/>
  <bottom num="17" height="0"/>
 </rect>
</icontrol>

<!-- Typing Icon -->
<icontrol source="istyping" name="typing_icon" visible="1">
 <rect>
  <left num="58" width="1"/>
  <top num="1" height="0"/>
  <right num="19" width="1"/>
  <bottom num="18" height="0"/>
 </rect>
</icontrol>

<!-- Phase Buddy Icon -->
<icontrol source="message-msn-buddy" name="message-msn-buddy" visible="1">
 <rect>
  <left num="72" width="1"/>
  <top num="18" height="0"/>
  <right num="27" width="1"/>
  <bottom num="22" height="0"/>
 </rect>
</icontrol>


</component> 

