<!--
Aikon Squared
by: Justin "juzmental" Trevena
eviljuz@optushome.com.au
-->


<!-- Contact List Hide/Close button -->
<control name="close" type="button">
 <background name="flat"> <source name="contactlistbits" left="0" top="0" right="17" bottom="18"/> &zero; </background>
 <background name="over"> <source name="contactlistbits" left="17" top="0" right="34" bottom="18"/> &zero; </background>
 <background name="push"> <source name="contactlistbits" left="34" top="0" right="51" bottom="18"/> &zero; </background>
 <cursor name="main" type="Close"/>
 <action name="playSound" value="beep"/>
</control>

<!-- Buddy List Display -->
<control name="buddy-list" type="list">
 &contactlistcolours;
 &buddyicons;
</control>

<!-- Minimise Button -->
<control name="minimize" type="button">
 <background name="flat"> <source name="contactlistbits" left="0" top="18" right="16" bottom="37"/> &zero; </background>
 <background name="over"> <source name="contactlistbits" left="16" top="18" right="32" bottom="37"/> &zero; </background>
 <background name="push"> <source name="contactlistbits" left="32" top="18" right="48" bottom="37"/> &zero; </background>
 <cursor name="main" type="Minimize"/>
 <action name="playSound" value="beep"/>
</control>

<!-- Trillian Button -->
<control name="tb" type="button">
 <background name="flat"> <source name="contactlistbits" left="0" top="37" right="25" bottom="63"/> &zero; </background>
 <background name="over"> <source name="contactlistbits" left="25" top="37" right="50" bottom="63"/> &zero; </background>
 <background name="push"> <source name="contactlistbits" left="50" top="37" right="75" bottom="63"/> &zero; </background>
 <cursor name="main" type="Close"/>
 <action name="playSound" value="beep"/>
</control>

<!-- Contact List Event Button -->
<control name="event" type="button">
 <background name="disabled"> <source name="contactlistbits" left="15" top="131" right="30" bottom="141"/> &zero; </background>
 <background name="flat"> <source name="contactlistbits" left="0" top="131" right="15" bottom="141"/> &zero; </background>
 <background name="over"> <source name="contactlistbits" left="0" top="141" right="15" bottom="151"/> &zero; </background>
 <background name="push"> <source name="contactlistbits" left="0" top="151" right="15" bottom="161"/> &zero; </background>
</control>

<!-- Scroll Bar -->
<control name="scroll-console" type="scrollbar">
 <background name="background"> <source name="contactlistbits" left="0" top="89" right="13" bottom="119"/> &zero; </background>
 <background name="top_thumb_flat"> <source name="contactlistbits" left="0" top="76" right="13" bottom="79"/> &zero; </background>
 <background name="mid_thumb_flat"> <source name="contactlistbits" left="0" top="79" right="13" bottom="85"/> &zero; </background>
 <background name="bot_thumb_flat"> <source name="contactlistbits" left="0" top="86" right="13" bottom="89"/> &zero; </background>
 <background name="top_thumb_over"> <source name="contactlistbits" left="13" top="76" right="26" bottom="79"/> &zero; </background>
 <background name="mid_thumb_over"> <source name="contactlistbits" left="13" top="79" right="26" bottom="85"/> &zero; </background>
 <background name="bot_thumb_over"> <source name="contactlistbits" left="13" top="86" right="26" bottom="89"/> &zero; </background>
 <background name="top_thumb_push"> <source name="contactlistbits" left="26" top="76" right="39" bottom="79"/> &zero; </background>
 <background name="mid_thumb_push"> <source name="contactlistbits" left="26" top="79" right="39" bottom="85"/> &zero; </background>
 <background name="bot_thumb_push"> <source name="contactlistbits" left="26" top="86" right="39" bottom="89"/> &zero; </background>
</control>

<control name="scrollup-console" type="button">
 <background name="flat"> <source name="contactlistbits" left="0" top="63" right="13" bottom="76"/> &zero; </background>
 <background name="over"> <source name="contactlistbits" left="13" top="63" right="26" bottom="76"/> &zero; </background>
 <background name="push"> <source name="contactlistbits" left="26" top="63" right="39" bottom="76"/> &zero; </background>
</control>
		
<control name="scrolldown-console" type="button">
 <background name="flat"> <source name="contactlistbits" left="0" top="118" right="13" bottom="131"/> &zero; </background>
 <background name="over"> <source name="contactlistbits" left="13" top="118" right="26" bottom="131"/> &zero; </background>
 <background name="push"> <source name="contactlistbits" left="26" top="118" right="39" bottom="131"/> &zero; </background>
</control>

<!-- Message Display -->
<control name="display-console" type="display">
 <font source="fontfile" size="8"/>
 <forecolor red="0" green="0" blue="0"/>
 <backcolor red="165" green="183" blue="143"/> 
</control>

<!-- Message Edit -->
<control name="edit-console" type="chat-edit">
 <font source="fontfile" size="8"/>
 <forecolor red="0" green="0" blue="0"/>
 <backcolor red="165" green="183" blue="143"/> 
</control>

<!-- Username Display in White-->
<control name="username-white" type="topic">
 <font source="fontfile" size="8" bold="1"/>
 <forecolor red="255" green="255" blue="255"/>
 <cursor name="main" type="move"/>
 <settings name="alignment" value="left"/>
</control>

<!-- White Taskbar Text -->
<control name="taskbar-white" type="topic">
 <font source="fontfile" size="7" bold="1"/>
 <forecolor red="255" green="255" blue="255"/>
 <cursor name="main" type="move"/>
 <settings name="alignment" value="center"/>
 <settings name="auto-scroll" value="no"/> 
</control>


<!-- Dark Text on Clear BG-->
<control name="dark-text" type="topic">
 <font source="fontfile" size="8" bold="1"/>
 <forecolor red="0" green="0" blue="0"/>
 <cursor name="main" type="move"/>
 <settings name="alignment" value="left"/>
</control>

<!-- Dark Centered Text on Clear BG-->
<control name="dark-c-text" type="topic">
 <font source="fontfile" size="9" bold="1"/>
 <forecolor red="0" green="0" blue="0"/>
 <cursor name="main" type="move"/>
 <settings name="alignment" value="center"/>
</control>


<!-- Minimise Button for Message Window -->
<control name="msg-minimize" type="button">
 <background name="flat"> <source name="minmaxcloseflat" left="0" top="0" right="17" bottom="19"/> &zero; </background>
 <background name="over"> <source name="minmaxclosehover" left="0" top="0" right="17" bottom="19"/> &zero; </background>
 <background name="push"> <source name="minmaxclosepush" left="0" top="0" right="17" bottom="19"/> &zero; </background>
 <cursor name="main" type="Minimize"/>
 <action name="playSound" value="beep"/>
</control>

<!-- Maximise Button for Message Window -->
<control name="msg-maximize" type="button">
 <background name="flat"> <source name="minmaxcloseflat" left="17" top="0" right="32" bottom="19"/> &zero; </background>
 <background name="over"> <source name="minmaxclosehover" left="17" top="0" right="32" bottom="19"/> &zero; </background>
 <background name="push"> <source name="minmaxclosepush" left="17" top="0" right="32" bottom="19"/> &zero; </background>
 <cursor name="main" type="Maximize"/>
 <action name="playSound" value="beep"/>
</control>

<!-- Close Button for Message Window -->
<control name="msg-close" type="button">
 <background name="flat"> <source name="minmaxcloseflat" left="32" top="0" right="50" bottom="19"/> &zero; </background>
 <background name="over"> <source name="minmaxclosehover" left="32" top="0" right="50" bottom="19"/> &zero; </background>
 <background name="push"> <source name="minmaxclosepush" left="32" top="0" right="50" bottom="19"/> &zero; </background>
 <cursor name="main" type="Close"/>
 <action name="playSound" value="beep"/>
</control>

<!-- Close Button for Message Window -->
<control name="hide2" type="button">
 <background name="flat"> <source name="minmaxcloseflat" left="50" top="0" right="66" bottom="19"/> &zero; </background>
 <background name="over"> <source name="minmaxclosehover" left="50" top="0" right="66" bottom="19"/> &zero; </background>
 <background name="push"> <source name="minmaxclosepush" left="50" top="0" right="66" bottom="19"/> &zero; </background>
 <cursor name="main" type="Close"/>
 <action name="playSound" value="beep"/>
</control>


<!-- Contact List Phase -->
<control name="phase-contacts" type="button">
 <background name="flat"> <source name="contactlistbits" left="0" top="171" right="15" bottom="179"/> &zero; </background>
 <background name="over"> <source name="contactlistbits" left="0" top="162" right="15" bottom="170"/> &zero; </background>
 <background name="push"> <source name="contactlistbits" left="0" top="162" right="15" bottom="170"/> &zero; </background>
 <action name="setPhase" value="default"/>
 <tooltip text="View Contact List"/>
 <action name="playSound" value="beep"/>
</control>

<!-- Connections Phase -->
<control name="phase-connections" type="button">
 <background name="flat"> <source name="contactlistbits" left="16" top="171" right="37" bottom="179"/> &zero; </background>
 <background name="over"> <source name="contactlistbits" left="16" top="162" right="37" bottom="170"/> &zero; </background>
 <background name="push"> <source name="contactlistbits" left="16" top="162" right="37" bottom="170"/> &zero; </background>
 <action name="setPhase" value="connections"/>
 <tooltip text="View Connections"/>
 <action name="playSound" value="beep"/>
</control>

<!-- Connections Phase -->
<control name="phase-urls" type="button">
 <background name="flat"> <source name="contactlistbits" left="38" top="171" right="56" bottom="179"/> &zero; </background>
 <background name="over"> <source name="contactlistbits" left="38" top="162" right="56" bottom="170"/> &zero; </background>
 <background name="push"> <source name="contactlistbits" left="38" top="162" right="56" bottom="170"/> &zero; </background>
 <action name="setPhase" value="urls"/>
 <tooltip text="View URLs"/>
 <action name="playSound" value="beep"/>
</control>


<!-- Global Away -->
<control name="globalaway" type="button">
 <background name="flat"> <source name="contactlistbits" left="70" top="171" right="81" bottom="179"/> &zero; </background>
 <background name="over"> <source name="contactlistbits" left="70" top="162" right="81" bottom="170"/> &zero; </background>
 <background name="push"> <source name="contactlistbits" left="70" top="162" right="81" bottom="170"/> &zero; </background>
 <tooltip text="Set Globally Away or Back"/>
 <action name="playSound" value="beep"/>
</control>


<!-- Compact Phase -->
<control name="phase-compact" type="button">
 <background name="flat"> <source name="contactlistbits" left="82" top="171" right="94" bottom="179"/> &zero; </background>
 <background name="over"> <source name="contactlistbits" left="82" top="162" right="94" bottom="170"/> &zero; </background>
 <background name="push"> <source name="contactlistbits" left="82" top="162" right="94" bottom="170"/> &zero; </background>
 <action name="setPhase" value="compact"/>
 <tooltip text="Compact Version"/>
 <action name="playSound" value="beep"/>
</control>

<!-- Direct IM Connection -->
<control name="msg-directim" type="button">
 <background name="flat"> <source name="messagewindowgfx" left="91" top="158" right="106" bottom="172"/> &zero; </background>
 <background name="over"> <source name="messagewindowgfx" left="91" top="173" right="106" bottom="187"/> &zero; </background>
 <background name="push"> <source name="messagewindowgfx" left="91" top="173" right="106" bottom="187"/> &zero; </background>
</control>

<!-- Send File -->
<control name="msg-sendfile" type="button">
 <background name="flat"> <source name="messagewindowgfx" left="106" top="158" right="122" bottom="172"/> &zero; </background>
 <background name="over"> <source name="messagewindowgfx" left="106" top="173" right="122" bottom="187"/> &zero; </background>
 <background name="push"> <source name="messagewindowgfx" left="106" top="173" right="122" bottom="187"/> &zero; </background>
</control>

<!-- Mute Audio -->
<control name="msg-mute" type="button">
 <background name="flat"> <source name="messagewindowgfx" left="122" top="158" right="139" bottom="172"/> &zero; </background>
 <background name="over"> <source name="messagewindowgfx" left="122" top="173" right="139" bottom="187"/> &zero; </background>
 <background name="push"> <source name="messagewindowgfx" left="122" top="173" right="139" bottom="187"/> &zero; </background>
</control>

<!-- Warn -->
<control name="msg-warn" type="button">
 <background name="flat"> <source name="messagewindowgfx" left="139" top="158" right="154" bottom="172"/> &zero; </background>
 <background name="over"> <source name="messagewindowgfx" left="139" top="173" right="154" bottom="187"/> &zero; </background>
 <background name="push"> <source name="messagewindowgfx" left="139" top="173" right="154" bottom="187"/> &zero; </background>
</control>

<!-- Block -->
<control name="msg-block" type="button">
 <background name="flat"> <source name="messagewindowgfx" left="154" top="158" right="173" bottom="172"/> &zero; </background>
 <background name="over"> <source name="messagewindowgfx" left="154" top="173" right="173" bottom="187"/> &zero; </background>
 <background name="push"> <source name="messagewindowgfx" left="154" top="173" right="173" bottom="187"/> &zero; </background>
</control>

<!-- Invite -->
<control name="msg-invite" type="button">
 <background name="flat"> <source name="messagewindowgfx" left="173" top="158" right="190" bottom="172"/> &zero; </background>
 <background name="over"> <source name="messagewindowgfx" left="173" top="173" right="190" bottom="187"/> &zero; </background>
 <background name="push"> <source name="messagewindowgfx" left="173" top="173" right="190" bottom="187"/> &zero; </background>
</control>

<!-- History -->
<control name="msg-history" type="button">
 <background name="flat"> <source name="messagewindowgfx" left="190" top="158" right="207" bottom="172"/> &zero; </background>
 <background name="over"> <source name="messagewindowgfx" left="190" top="173" right="207" bottom="187"/> &zero; </background>
 <background name="push"> <source name="messagewindowgfx" left="190" top="173" right="207" bottom="187"/> &zero; </background>
</control>

<!-- Buddy Info -->
<control name="msg-info" type="button">
 <background name="flat"> <source name="messagewindowgfx" left="207" top="158" right="222" bottom="172"/> &zero; </background>
 <background name="over"> <source name="messagewindowgfx" left="207" top="173" right="222" bottom="187"/> &zero; </background>
 <background name="push"> <source name="messagewindowgfx" left="207" top="173" right="222" bottom="187"/> &zero; </background>
</control>

<!-- Buddy Info -->
<control name="msg-add" type="button">
	<background name="flat"> <source name="messagewindowgfx" left="222" top="158" right="237" bottom="172"/> &zero; </background>
	<background name="over"> <source name="messagewindowgfx" left="222" top="173" right="237" bottom="187"/> &zero; </background>
	<background name="push"> <source name="messagewindowgfx" left="222" top="173" right="237" bottom="187"/> &zero; </background>
</control>

<!-- Text Colour -->
<control name="msg-forecolor" type="button">
	<background name="flat"> <source name="messagewindowgfx" left="64" top="188" right="80" bottom="202"/> &zero; </background>
	<background name="over"> <source name="messagewindowgfx" left="64" top="203" right="80" bottom="217"/> &zero; </background>
	<background name="push"> <source name="messagewindowgfx" left="64" top="203" right="80" bottom="217"/> &zero; </background>
</control>

<!-- Text Background Colour -->
<control name="msg-backcolor" type="button">
	<background name="flat"> <source name="messagewindowgfx" left="80" top="188" right="100" bottom="202"/> &zero; </background>
	<background name="over"> <source name="messagewindowgfx" left="80" top="203" right="100" bottom="217"/> &zero; </background>
	<background name="push"> <source name="messagewindowgfx" left="80" top="203" right="100" bottom="217"/> &zero; </background>
</control>

<!-- Font Smaller -->
<control name="msg-sizesmaller" type="button">
	<background name="flat"> <source name="messagewindowgfx" left="100" top="188" right="113" bottom="202"/> &zero; </background>
	<background name="over"> <source name="messagewindowgfx" left="100" top="203" right="113" bottom="217"/> &zero; </background>
	<background name="push"> <source name="messagewindowgfx" left="100" top="203" right="113" bottom="217"/> &zero; </background>
</control>

<!-- Font Normal -->
<control name="msg-sizenormal" type="button">
	<background name="flat"> <source name="messagewindowgfx" left="113" top="188" right="127" bottom="202"/> &zero; </background>
	<background name="over"> <source name="messagewindowgfx" left="113" top="203" right="127" bottom="217"/> &zero; </background>
	<background name="push"> <source name="messagewindowgfx" left="113" top="203" right="127" bottom="217"/> &zero; </background>
</control>

<!-- Font Larger -->
<control name="msg-sizelarger" type="button">
	<background name="flat"> <source name="messagewindowgfx" left="127" top="188" right="147" bottom="202"/> &zero; </background>
	<background name="over"> <source name="messagewindowgfx" left="127" top="203" right="147" bottom="217"/> &zero; </background>
	<background name="push"> <source name="messagewindowgfx" left="127" top="203" right="147" bottom="217"/> &zero; </background>
</control>

<!-- Bold Text -->
<control name="msg-bold" type="button">
	<background name="flat"> <source name="messagewindowgfx" left="147" top="188" right="161" bottom="202"/> &zero; </background>
	<background name="over"> <source name="messagewindowgfx" left="147" top="203" right="161" bottom="217"/> &zero; </background>
	<background name="push"> <source name="messagewindowgfx" left="147" top="203" right="161" bottom="217"/> &zero; </background>
</control>

<!-- Italics Text -->
<control name="msg-italics" type="button">
	<background name="flat"> <source name="messagewindowgfx" left="161" top="188" right="173" bottom="202"/> &zero; </background>
	<background name="over"> <source name="messagewindowgfx" left="161" top="203" right="173" bottom="217"/> &zero; </background>
	<background name="push"> <source name="messagewindowgfx" left="161" top="203" right="173" bottom="217"/> &zero; </background>
</control>

<!-- Underline Text -->
<control name="msg-underline" type="button">
	<background name="flat"> <source name="messagewindowgfx" left="173" top="188" right="191" bottom="202"/> &zero; </background>
	<background name="over"> <source name="messagewindowgfx" left="173" top="203" right="191" bottom="217"/> &zero; </background>
	<background name="push"> <source name="messagewindowgfx" left="173" top="203" right="191" bottom="217"/> &zero; </background>
</control>

<!-- Send a Link/URL -->
<control name="msg-link" type="button">
	<background name="flat"> <source name="messagewindowgfx" left="191" top="188" right="206" bottom="202"/> &zero; </background>
	<background name="over"> <source name="messagewindowgfx" left="191" top="203" right="206" bottom="217"/> &zero; </background>
	<background name="push"> <source name="messagewindowgfx" left="191" top="203" right="206" bottom="217"/> &zero; </background>
</control>

<!-- Display Emoticons -->
<control name="msg-emoticon" type="button">
	<background name="flat"> <source name="messagewindowgfx" left="207" top="188" right="222" bottom="202"/> &zero; </background>
	<background name="over"> <source name="messagewindowgfx" left="207" top="203" right="222" bottom="217"/> &zero; </background>
	<background name="push"> <source name="messagewindowgfx" left="207" top="203" right="222" bottom="217"/> &zero; </background>
</control>

<!-- Medium Status thing for top left of windows -->
<control name="medium-status" type="switcher">
 <cursor name="main" type="move"/>
 <!--  AIM  --> <background name="1"> <source name="messagewindowgfx" left="0"  top="157" right="18" bottom="175"/> &zero; </background>
 <!--  ICQ  --> <background name="2"> <source name="messagewindowgfx" left="18" top="157" right="36" bottom="175"/> &zero; </background>
 <!--  IRC  --> <background name="0"> <source name="messagewindowgfx" left="36" top="157" right="54" bottom="175"/> &zero; </background>
 <!--  MSN  --> <background name="3"> <source name="messagewindowgfx" left="54" top="157" right="72" bottom="175"/> &zero; </background>
 <!-- YAHOO --> <background name="4"> <source name="messagewindowgfx" left="72" top="157" right="90" bottom="175"/> &zero; </background>
 <cursor type="arrow"/>
</control>

<!-- Boundary -->
<control name="boundary" type="boundary">
</control>

<!-- Buddy is typing thing -->
<control name="istyping" type="switcher">
 <background name="off"> <source name="messagewindowgfx" left="0" top="195" right="39" bottom="213"/> &zero; </background>
 <background name="on"> <source name="messagewindowgfx" left="0" top="176" right="39" bottom="194"/> &zero; </background>
 <cursor type="arrow"/>
</control>

<!-- SecureIM indicator -->
<control name="encrypted" type="switcher">
 <background name="off"> <source name="messagewindowgfx" left="40" top="195" right="63" bottom="213"/> &zero; </background>
 <background name="on"> <source name="messagewindowgfx" left="40" top="176" right="63" bottom="194"/> &zero; </background>
 <cursor type="arrow"/>
</control>


&taskbarprefs;

<!-- MSG Scroll Bar -->
<control name="msg-scroll-console" type="scrollbar">
 <background name="background"> <source name="messagewindowgfx" left="0" top="240" right="13" bottom="270"/> &zero; </background>
 <background name="top_thumb_flat"> <source name="messagewindowgfx" left="0" top="226" right="13" bottom="230"/> &zero; </background>
 <background name="mid_thumb_flat"> <source name="messagewindowgfx" left="0" top="230" right="13" bottom="237"/> &zero; </background>
 <background name="bot_thumb_flat"> <source name="messagewindowgfx" left="0" top="237" right="13" bottom="241"/> &zero; </background>
 <background name="top_thumb_over"> <source name="messagewindowgfx" left="13" top="226" right="26" bottom="230"/> &zero; </background>
 <background name="mid_thumb_over"> <source name="messagewindowgfx" left="13" top="230" right="26" bottom="237"/> &zero; </background>
 <background name="bot_thumb_over"> <source name="messagewindowgfx" left="13" top="237" right="26" bottom="241"/> &zero; </background>
 <background name="top_thumb_push"> <source name="messagewindowgfx" left="26" top="226" right="39" bottom="230"/> &zero; </background>
 <background name="mid_thumb_push"> <source name="messagewindowgfx" left="26" top="230" right="39" bottom="237"/> &zero; </background>
 <background name="bot_thumb_push"> <source name="messagewindowgfx" left="26" top="237" right="39" bottom="241"/> &zero; </background>
</control>

<control name="msg-scrollup-console" type="button">
 <background name="flat"> <source name="messagewindowgfx" left="0" top="214" right="13" bottom="226"/> &zero; </background>
 <background name="over"> <source name="messagewindowgfx" left="13" top="214" right="26" bottom="226"/> &zero; </background>
 <background name="push"> <source name="messagewindowgfx" left="26" top="214" right="39" bottom="226"/> &zero; </background>
</control>
		
<control name="msg-scrolldown-console" type="button">
 <background name="flat"> <source name="messagewindowgfx" left="0" top="270" right="13" bottom="282"/> &zero; </background>
 <background name="over"> <source name="messagewindowgfx" left="13" top="270" right="26" bottom="282"/> &zero; </background>
 <background name="push"> <source name="messagewindowgfx" left="26" top="270" right="39" bottom="282"/> &zero; </background>
</control>

<!-- Connections List -->
<control name="connection-list" type="list">
&contactlistcolours;
&connectionprefs;
</control>

<!-- URL Grabber List -->
<control name="url-list" type="list">
&contactlistcolours;
&urlprefs;
</control>

<!-- Buddy Icon -->
<control name="buddyicon" type="switcher">
</control>

<!-- Nicklist icons -->
<control name="display-nicklist" type="list">
 <icon name="group" type="collapsed" state="normal"><source name="channelgfx" left="10" top="195" right="17" bottom="202"/></icon>
 <icon name="group" type="collapsed" state="hover"><source name="channelgfx" left="30" top="195" right="37" bottom="202"/></icon>
 <icon name="group" type="collapsed" state="select"><source name="channelgfx" left="50" top="195" right="57" bottom="202"/></icon>

 <icon name="group" type="expanded" state="normal"><source name="channelgfx" left="2" top="195" right="9" bottom="202"/></icon>
 <icon name="group" type="expanded" state="hover"><source name="channelgfx" left="22" top="195" right="29" bottom="202"/></icon>
 <icon name="group" type="expanded" state="select"><source name="channelgfx" left="42" top="195" right="49" bottom="202"/></icon>

 <icon name="irc" type="normal" state="normal"><source name="channelgfx" left="0" top="182" right="19" bottom="194"/></icon>
 <icon name="irc" type="normal" state="select"><source name="channelgfx" left="20" top="182" right="39" bottom="194"/></icon>
 <icon name="irc" type="normal" state="hover"><source name="channelgfx" left="40" top="182" right="59" bottom="194"/></icon>

 <icon name="irc" type="voice" state="normal"><source name="channelgfx" left="0" top="170" right="19" bottom="182"/></icon>
 <icon name="irc" type="voice" state="select"><source name="channelgfx" left="20" top="170" right="39" bottom="182"/></icon>
 <icon name="irc" type="voice" state="hover"><source name="channelgfx" left="40" top="170" right="59" bottom="182"/></icon>

 <icon name="irc" type="op" state="normal"><source name="channelgfx" left="0" top="158" right="19" bottom="170"/></icon>
 <icon name="irc" type="op" state="select"><source name="channelgfx" left="20" top="158" right="39" bottom="170"/></icon>
 <icon name="irc" type="op" state="hover"><source name="channelgfx" left="40" top="158" right="59" bottom="170"/></icon>

 &nicklistcolours;

</control>

<!-- Join Channel -->
<control name="irctoolbarjoin" type="button">
 <background name="flat"> <source name="consolegfx-irc" left="0" top="173" right="15" bottom="187"/> &zero; </background>
 <background name="over"> <source name="consolegfx-irc" left="0" top="158" right="15" bottom="172"/> &zero; </background>
 <background name="push"> <source name="consolegfx-irc" left="0" top="158" right="15" bottom="172"/> &zero; </background>
</control>

<!-- List Channel -->
<control name="irctoolbarlist" type="button">
 <background name="flat"> <source name="consolegfx-irc" left="15" top="173" right="34" bottom="187"/> &zero; </background>
 <background name="over"> <source name="consolegfx-irc" left="15" top="158" right="34" bottom="172"/> &zero; </background>
 <background name="push"> <source name="consolegfx-irc" left="15" top="158" right="34" bottom="172"/> &zero; </background>
</control>

<!-- PM -->
<control name="irctoolbarprivmsg" type="button">
 <background name="flat"> <source name="consolegfx-irc" left="34" top="173" right="53" bottom="187"/> &zero; </background>
 <background name="over"> <source name="consolegfx-irc" left="34" top="158" right="53" bottom="172"/> &zero; </background>
 <background name="push"> <source name="consolegfx-irc" left="34" top="158" right="53" bottom="172"/> &zero; </background>
</control>

<!-- dcc file -->
<control name="irctoolbardccfile" type="button">
 <background name="flat"> <source name="consolegfx-irc" left="53" top="173" right="65" bottom="187"/> &zero; </background>
 <background name="over"> <source name="consolegfx-irc" left="53" top="158" right="65" bottom="172"/> &zero; </background>
 <background name="push"> <source name="consolegfx-irc" left="53" top="158" right="65" bottom="172"/> &zero; </background>
</control>

<!-- dcc chat -->
<control name="irctoolbardccchat" type="button">
 <background name="flat"> <source name="consolegfx-irc" left="65" top="173" right="80" bottom="187"/> &zero; </background>
 <background name="over"> <source name="consolegfx-irc" left="65" top="158" right="80" bottom="172"/> &zero; </background>
 <background name="push"> <source name="consolegfx-irc" left="65" top="158" right="80" bottom="172"/> &zero; </background>
</control>

<!-- edcc chat -->
<control name="irctoolbaredccchat" type="button">
 <background name="flat"> <source name="consolegfx-irc" left="80" top="173" right="99" bottom="187"/> &zero; </background>
 <background name="over"> <source name="consolegfx-irc" left="80" top="158" right="99" bottom="172"/> &zero; </background>
 <background name="push"> <source name="consolegfx-irc" left="80" top="158" right="99" bottom="172"/> &zero; </background>
</control>

<!-- Finger -->
<control name="irctoolbarfinger" type="button">
 <background name="flat"> <source name="consolegfx-irc" left="99" top="173" right="115" bottom="187"/> &zero; </background>
 <background name="over"> <source name="consolegfx-irc" left="99" top="158" right="115" bottom="172"/> &zero; </background>
 <background name="push"> <source name="consolegfx-irc" left="99" top="158" right="115" bottom="172"/> &zero; </background>
</control>

<!-- Away icon thing -->
<control name="ircaway" type="switcher">
 <background name="off"> <source name="consolegfx-irc" left="13" top="188" right="25" bottom="200"/> &zero; </background>
 <background name="on"> <source name="consolegfx-irc" left="0" top="188" right="12" bottom="200"/> &zero; </background>
 <cursor type="arrow"/>
</control>

&templateprefs;

<!-- Message Aim Buddy -->
<control name="message-aim-buddy" type="button">
 <background name="flat"> <source name="messagewindowgfx" left="134" top="218" right="180" bottom="222"/> &zero; </background>
 <background name="over"> <source name="messagewindowgfx" left="134" top="223" right="180" bottom="227"/> &zero; </background>
 <background name="push"> <source name="messagewindowgfx" left="134" top="223" right="180" bottom="227"/> &zero; </background>
 <action name="setPhase" value="aim-buddy"/>
 <tooltip text="Show Buddy Icon"/>
</control>

<!-- Message Aim No Buddy -->
<control name="message-aim" type="button">
 <background name="flat"> <source name="messagewindowgfx" left="134" top="218" right="180" bottom="222"/> &zero; </background>
 <background name="over"> <source name="messagewindowgfx" left="134" top="223" right="180" bottom="227"/> &zero; </background>
 <background name="push"> <source name="messagewindowgfx" left="134" top="223" right="180" bottom="227"/> &zero; </background>
 <action name="setPhase" value="aim-nobuddy"/>
 <tooltip text="Hide Buddy Icon"/>
</control>

<!-- Message ICQ Buddy -->
<control name="message-icq-buddy" type="button">
 <background name="flat"> <source name="messagewindowgfx" left="134" top="218" right="180" bottom="222"/> &zero; </background>
 <background name="over"> <source name="messagewindowgfx" left="134" top="223" right="180" bottom="227"/> &zero; </background>
 <background name="push"> <source name="messagewindowgfx" left="134" top="223" right="180" bottom="227"/> &zero; </background>
 <action name="setPhase" value="icq-buddy"/>
 <tooltip text="Show Buddy Icon"/>
</control>

<!-- Message ICQ No Buddy -->
<control name="message-icq" type="button">
 <background name="flat"> <source name="messagewindowgfx" left="134" top="218" right="180" bottom="222"/> &zero; </background>
 <background name="over"> <source name="messagewindowgfx" left="134" top="223" right="180" bottom="227"/> &zero; </background>
 <background name="push"> <source name="messagewindowgfx" left="134" top="223" right="180" bottom="227"/> &zero; </background>
 <action name="setPhase" value="icq-nobuddy"/>
 <tooltip text="Hide Buddy Icon"/>
</control>

<!-- Message ICQ Buddy -->
<control name="message-icq-buddy" type="button">
 <background name="flat"> <source name="messagewindowgfx" left="134" top="218" right="180" bottom="222"/> &zero; </background>
 <background name="over"> <source name="messagewindowgfx" left="134" top="223" right="180" bottom="227"/> &zero; </background>
 <background name="push"> <source name="messagewindowgfx" left="134" top="223" right="180" bottom="227"/> &zero; </background>
 <action name="setPhase" value="icq-buddy"/>
 <tooltip text="Show Buddy Icon"/>
</control>

<!-- Message ICQ No Buddy -->
<control name="message-icq" type="button">
 <background name="flat"> <source name="messagewindowgfx" left="134" top="218" right="180" bottom="222"/> &zero; </background>
 <background name="over"> <source name="messagewindowgfx" left="134" top="223" right="180" bottom="227"/> &zero; </background>
 <background name="push"> <source name="messagewindowgfx" left="134" top="223" right="180" bottom="227"/> &zero; </background>
 <action name="setPhase" value="icq-nobuddy"/>
 <tooltip text="Hide Buddy Icon"/>
</control>

<!-- Message MSN Buddy -->
<control name="message-msn-buddy" type="button">
 <background name="flat"> <source name="messagewindowgfx" left="134" top="218" right="180" bottom="222"/> &zero; </background>
 <background name="over"> <source name="messagewindowgfx" left="134" top="223" right="180" bottom="227"/> &zero; </background>
 <background name="push"> <source name="messagewindowgfx" left="134" top="223" right="180" bottom="227"/> &zero; </background>
 <action name="setPhase" value="msn-buddy"/>
 <tooltip text="Show Buddy Icon"/>
</control>

<!-- Message MSN No Buddy -->
<control name="message-msn" type="button">
 <background name="flat"> <source name="messagewindowgfx" left="134" top="218" right="180" bottom="222"/> &zero; </background>
 <background name="over"> <source name="messagewindowgfx" left="134" top="223" right="180" bottom="227"/> &zero; </background>
 <background name="push"> <source name="messagewindowgfx" left="134" top="223" right="180" bottom="227"/> &zero; </background>
 <action name="setPhase" value="msn-nobuddy"/>
 <tooltip text="Hide Buddy Icon"/>
</control>

<!-- Message Yahoo Buddy -->
<control name="message-yahoo-buddy" type="button">
 <background name="flat"> <source name="messagewindowgfx" left="134" top="218" right="180" bottom="222"/> &zero; </background>
 <background name="over"> <source name="messagewindowgfx" left="134" top="223" right="180" bottom="227"/> &zero; </background>
 <background name="push"> <source name="messagewindowgfx" left="134" top="223" right="180" bottom="227"/> &zero; </background>
 <action name="setPhase" value="yahoo-buddy"/>
 <tooltip text="Show Buddy Icon"/>
</control>

<!-- Message Yahoo No Buddy -->
<control name="message-yahoo" type="button">
 <background name="flat"> <source name="messagewindowgfx" left="134" top="218" right="180" bottom="222"/> &zero; </background>
 <background name="over"> <source name="messagewindowgfx" left="134" top="223" right="180" bottom="227"/> &zero; </background>
 <background name="push"> <source name="messagewindowgfx" left="134" top="223" right="180" bottom="227"/> &zero; </background>
 <action name="setPhase" value="yahoo-nobuddy"/>
 <tooltip text="Hide Buddy Icon"/>
</control>

<!-- Contact List Event Button -->
<control name="aievent" type="button">
 <background name="disabled"> <source name="aimodegfx" left="21" top="37" right="82" bottom="55"/> &zero; </background>
 <background name="flat"> <source name="aimodegfx" left="21" top="4" right="82" bottom="22"/> &zero; </background>
 <background name="over"> <source name="aimodegfx" left="49" top="67" right="110" bottom="85"/> &zero; </background>
 <background name="push"> <source name="aimodegfx" left="21" top="4" right="82" bottom="55"/> &zero; </background>
</control>

&progressbar;

<!-- Compact Hide/Close button -->
<control name="compactclose" type="button">
 <background name="flat"> <source name="aimodegfx" left="9" top="75" right="18" bottom="83"/> &zero; </background>
 <background name="over"> <source name="aimodegfx" left="9" top="83" right="18" bottom="91"/> &zero; </background>
 <background name="push"> <source name="aimodegfx" left="9" top="75" right="18" bottom="83"/> &zero; </background>
 <cursor name="main" type="Hide"/>
</control>

<!-- Compact Hide/Close button -->
<control name="compactminimise" type="button">
 <background name="flat"> <source name="aimodegfx" left="0" top="75" right="9" bottom="83"/> &zero; </background>
 <background name="over"> <source name="aimodegfx" left="0" top="83" right="9" bottom="91"/> &zero; </background>
 <background name="push"> <source name="aimodegfx" left="0" top="75" right="9" bottom="83"/> &zero; </background>
 <cursor name="main" type="Minimize"/>
</control>

<!-- Compact Phase -->
<control name="phase-contacts-compact" type="button">
 <background name="flat"> <source name="aimodegfx" left="19" top="75" right="35" bottom="83"/> &zero; </background>
 <background name="over"> <source name="aimodegfx" left="19" top="83" right="35" bottom="91"/> &zero; </background>
 <background name="push"> <source name="aimodegfx" left="19" top="75" right="35" bottom="83"/> &zero; </background>
 <action name="setPhase" value="default"/>
 <tooltip text="Normal Contact List"/>
</control>

<!-- Contact List Event Button -->
<control name="eventcompact" type="button">
 <background name="disabled"> <source name="aimodegfx" left="0" top="107" right="12" bottom="115"/> &zero; </background>
 <background name="flat"> <source name="aimodegfx" left="0" top="91" right="12" bottom="99"/> &zero; </background>
 <background name="over"> <source name="aimodegfx" left="0" top="99" right="12" bottom="107"/> &zero; </background>
 <background name="push"> <source name="aimodegfx" left="0" top="91" right="12" bottom="99"/> &zero; </background>
</control>

<control name="xfer-receiver" type="topic">
 <font source="fontfile" size="8" bold="1"/>
 <forecolor red="0" green="0" blue="0"/>
 <settings name="alignment" value="right"/>
 <settings name="auto-scroll" value="no"/>
 <settings name="default-text" value="Receiver:"/>
</control>

<control name="xfer-sender" type="topic">
 <font source="fontfile" size="8" bold="1"/>
 <forecolor red="0" green="0" blue="0"/>
 <settings name="alignment" value="right"/>
 <settings name="auto-scroll" value="no"/>
 <settings name="default-text" value="Sender:"/>
</control>

<control name="xfer-file" type="topic">
 <font source="fontfile" size="8" bold="1"/>
 <forecolor red="0" green="0" blue="0"/>
 <settings name="alignment" value="right"/>
 <settings name="auto-scroll" value="no"/>
 <settings name="default-text" value="File:"/>
</control>

<control name="xfer-filesize" type="topic">
 <font source="fontfile" size="8" bold="1"/>
 <forecolor red="0" green="0" blue="0"/>
 <settings name="alignment" value="right"/>
 <settings name="auto-scroll" value="no"/>
 <settings name="default-text" value="Filesize:"/>
</control>

<control name="xfer-received" type="topic">
 <font source="fontfile" size="8" bold="1"/>
 <forecolor red="0" green="0" blue="0"/>
 <settings name="alignment" value="right"/>
 <settings name="auto-scroll" value="no"/>
 <settings name="default-text" value="Received:"/>
</control>

<control name="xfer-sent" type="topic">
 <font source="fontfile" size="8" bold="1"/>
 <forecolor red="0" green="0" blue="0"/>
 <settings name="alignment" value="right"/>
 <settings name="auto-scroll" value="no"/>
 <settings name="default-text" value="Sent:"/>
</control>

<control name="xfer-speed" type="topic">
 <font source="fontfile" size="8" bold="1"/>
 <forecolor red="0" green="0" blue="0"/>
 <settings name="alignment" value="right"/>
 <settings name="auto-scroll" value="no"/>
 <settings name="default-text" value="Speed:"/>
</control>


<control name="xferexplore" type="button">
 <background name="disabled"> <source name="transfergfx" left="139" top="166" right="175" bottom="184"/> &zero; </background>
 <background name="flat">     <source name="transfergfx" left="139" top="184" right="175" bottom="202"/> &zero; </background>
 <background name="over">     <source name="transfergfx" left="139" top="202" right="175" bottom="220"/> &zero; </background>
 <background name="push">     <source name="transfergfx" left="139" top="220" right="175" bottom="238"/> &zero; </background>
</control>

<control name="xferexecute" type="button">
 <background name="disabled"> <source name="transfergfx" left="175" top="166" right="211" bottom="184"/> &zero; </background>
 <background name="flat">     <source name="transfergfx" left="175" top="184" right="211" bottom="202"/> &zero; </background>
 <background name="over">     <source name="transfergfx" left="175" top="202" right="211" bottom="220"/> &zero; </background>
 <background name="push">     <source name="transfergfx" left="175" top="220" right="211" bottom="238"/> &zero; </background>
</control>




<control name="contextmenus" type="menu">
  <font size="8"/>
  <color name="hover-border"  red="0" green="0" blue="0"/>
  <color name="hover-back" red="0" green="0" blue="0"/>
  <color name="hover-fore" red="165" green="183" blue="143"/>

  <color name="normal-back" red="165" green="183" blue="143"/>
  <color name="normal-fore" red="0"  green="0" blue="0"/>

  <color name="disabled-back" red="165" green="183" blue="143"/>
  <color name="disabled-fore" red="82"  green="92" blue="71"/>

  <color name="separator-back" red="165" green="183" blue="143"/>
  <color name="separator-fore" red="117"  green="128" blue="103"/>

  <color name="popup-back" red="165" green="183" blue="143"/>
  <color name="popup-fore" red="0"  green="0" blue="0"/>

<!--
		<background name="left">
			<source name="Menu" left="2" right="29" top="2" bottom="28"/>
				<rect>
				<left num="0" width="0"/>
				<right num="27" width="0"/>
				<top num="0" height="0"/>
				<bottom num="0" height="1"/>
			</rect>
		</background>
-->

  <settings name="defaultLeftMargin" value="10"/>
  <settings name="defaultRightMargin" value="10"/>
  <settings name="defaultTextHeight" value="13"/>

  <settings name="defaultLeftMarginSeparator" value="0"/>
  <settings name="defaultRightMarginSeparator" value="0"/>

  <icon type= "check" state="normal"><source name="metastatusicons-normal" left="25" right="37" top="12" bottom="24"/> </icon>
  <icon type= "check" state="hover"> <source name="metastatusicons-normal" left="37" right="49" top="12" bottom="24"/> </icon>

  <icon type="popup" state="normal"><source name="metastatusicons-normal" left="25" right="37" top="0" bottom="12"/> </icon>
  <icon type="popup" state="hover"> <source name="metastatusicons-normal" left="37" right="49" top="0" bottom="12"/> </icon>

</control>

<!-- SYSTRAY STUFF BELOW -->
<control name="alert-icons" type="tooltip"> 
	<color name="background" red="165" green="183" blue="143"/>
		<background name="default">		
			<source name="notification" left="0" right="110" top="80" bottom="100"/>
				<rect>
					<left num="0" width="0"/>
					<right num="0" width="1"/>
					<top num="0" height="0"/>
					<bottom num="0" height="1"/>
				</rect>
		</background>  
		
		<background name="mail">
			<source name="notification" left="0" right="110" top="0" bottom="20"/>
				<rect>
					<left num="0" width="0"/>
					<right num="0" width="1"/>
					<top num="0" height="0"/>
					<bottom num="0" height="1"/>
				</rect>
		</background>  
		<background name="web">			
			<source name="notification" left="0" right="110" top="20" bottom="40"/>
				<rect>
					<left num="0" width="0"/>
					<right num="0" width="1"/>
					<top num="0" height="0"/>
					<bottom num="0" height="1"/>
				</rect>
		</background>  
		<background name="music">		
			<source name="notification" left="0" right="110" top="40" bottom="60"/>
				<rect>
					<left num="0" width="0"/>
					<right num="0" width="1"/>
					<top num="0" height="0"/>
					<bottom num="0" height="1"/>
				</rect>
		</background>  

		<background name="aim-systray-mail">		
			<source name="notification" left="0" right="110" top="0" bottom="20"/>
				<rect>
					<left num="0" width="0"/>
					<right num="0" width="1"/>
					<top num="0" height="0"/>
					<bottom num="0" height="1"/>
				</rect>
		</background>  
		<background name="aim-systray-status">		
			<source name="notification" left="0" right="110" top="60" bottom="80"/>
				<rect>
					<left num="0" width="0"/>
					<right num="0" width="1"/>
					<top num="0" height="0"/>
					<bottom num="0" height="1"/>
				</rect>
		</background>  
		<background name="aim-systray-contactalert">	
			<source name="notification" left="0" right="110" top="60" bottom="80"/>
				<rect>
					<left num="0" width="0"/>
					<right num="0" width="1"/>
					<top num="0" height="0"/>
					<bottom num="0" height="1"/>
				</rect>
		</background>  

		<background name="icq-systray-mail">		
			<source name="notification" left="0" right="110" top="0" bottom="20"/>
				<rect>
					<left num="0" width="0"/>
					<right num="0" width="1"/>
					<top num="0" height="0"/>
					<bottom num="0" height="1"/>
				</rect>
		</background>  
		<background name="icq-systray-status">		
			<source name="notification" left="0" right="110" top="60" bottom="80"/>
				<rect>
					<left num="0" width="0"/>
					<right num="0" width="1"/>
					<top num="0" height="0"/>
					<bottom num="0" height="1"/>
				</rect>
		</background>  
		<background name="icq-systray-contactalert">	
			<source name="notification" left="0" right="110" top="60" bottom="80"/>
				<rect>
					<left num="0" width="0"/>
					<right num="0" width="1"/>
					<top num="0" height="0"/>
					<bottom num="0" height="1"/>
				</rect>
		</background>  

		<background name="msn-systray-mail">		
			<source name="notification" left="0" right="110" top="0" bottom="20"/>
				<rect>
					<left num="0" width="0"/>
					<right num="0" width="1"/>
					<top num="0" height="0"/>
					<bottom num="0" height="1"/>
				</rect>
		</background>  
		<background name="msn-systray-status">		
			<source name="notification" left="0" right="110" top="60" bottom="80"/>
				<rect>
					<left num="0" width="0"/>
					<right num="0" width="1"/>
					<top num="0" height="0"/>
					<bottom num="0" height="1"/>
				</rect>
		</background>  
		<background name="msn-systray-contactalert">	
			<source name="notification" left="0" right="110" top="60" bottom="80"/>
				<rect>
					<left num="0" width="0"/>
					<right num="0" width="1"/>
					<top num="0" height="0"/>
					<bottom num="0" height="1"/>
				</rect>
		</background>  

		<background name="yahoo-systray-mail">		
			<source name="notification" left="0" right="110" top="0" bottom="20"/>
				<rect>
					<left num="0" width="0"/>
					<right num="0" width="1"/>
					<top num="0" height="0"/>
					<bottom num="0" height="1"/>
				</rect>
		</background>  
		<background name="yahoo-systray-status">	
			<source name="notification" left="0" right="110" top="60" bottom="80"/>
				<rect>
					<left num="0" width="0"/>
					<right num="0" width="1"/>
					<top num="0" height="0"/>
					<bottom num="0" height="1"/>
				</rect>
		</background>  
		<background name="yahoo-systray-contactalert">	
			<source name="notification" left="0" right="110" top="60" bottom="80"/>
				<rect>
					<left num="0" width="0"/>
					<right num="0" width="1"/>
					<top num="0" height="0"/>
					<bottom num="0" height="1"/>
				</rect>
		</background>  

		<background name="irc-systray-status">		
			<source name="notification" left="0" right="110" top="60" bottom="80"/>
				<rect>
					<left num="0" width="0"/>
					<right num="0" width="1"/>
					<top num="0" height="0"/>
					<bottom num="0" height="1"/>
				</rect>
		</background>  
		
		<background name="irc-systray-contactalert">	
			<source name="notification" left="0" right="110" top="60" bottom="80"/>
				<rect>
					<left num="0" width="0"/>
					<right num="0" width="1"/>
					<top num="0" height="0"/>
					<bottom num="0" height="1"/>
				</rect>
		</background>  
		
		<settings name="topMargin" value="24"/>  
		<settings name="leftMargin" value="5"/>  
		<settings name="rightMargin" value="5"/>  
		<settings name="bottomMargin" value="5"/>  
		<font source="fontfile" size="8"/>
		<settings name="alignment" value="center"/>
</control>
<!-- SYSTRAY STUFF ABOVE -->
