<!--
Aikon Squared
by: Justin "juzmental" Trevena
eviljuz@optushome.com.au
-->


<control name="taskbar" type="taskbar">
 <background name="upperleft">
  <source name="containergfx" left="76" top="180" right="80" bottom="200"/>
  <rect>
   <left num="0" width="0"/>
   <top num="0" height="0"/>
   <right num="4" width="0"/>
   <bottom num="20" height="0"/>
  </rect>
 </background>
 <background name="upper">
  <source name="containergfx" left="80" top="180" right="85" bottom="200"/>
  <rect>
   <left num="4" width="0"/>
   <top num="0" height="0"/>
   <right num="4" width="1"/>
   <bottom num="20" height="0"/>
  </rect>
 </background>
 <background name="upperright">
  <source name="containergfx" left="85" top="180" right="89" bottom="200"/>
  <rect>
   <left num="4" width="1"/>
   <top num="0" height="0"/>
   <right num="0" width="1"/>
   <bottom num="20" height="0"/>
  </rect>
 </background>

 <color name="normal-back" red="46" green="78" blue="100"/>

 <!--needs a way to link to the taskbar-button -->
 <settings name="button-type" value="taskbar-button"/>
 <settings name="button-minx" value="5"/>
 <settings name="button-maxx" value="250"/>
 <settings name="button-miny" value="5"/>
 <settings name="button-maxy" value="100"/>
 <settings name="button-spacing" value="2"/>
</control>


<control name="taskbar-button" type="resizeable-button">

<background name="upperleft" type="flat">
 <source name="containergfx" left="76" top="163" right="80" bottom="179"/>
 <rect>
  <left num="0" width="0"/>
  <top num="0" height="0"/>
  <right num="4" width="0"/>
  <bottom num="16" height="0"/>
 </rect>
</background>

<background name="upper" type="flat">
 <source name="containergfx" left="80" top="163" right="84" bottom="179"/>
 <rect>
  <left num="4" width="0"/>
  <top num="0" height="0"/>
  <right num="4" width="1"/>
  <bottom num="16" height="0"/>
 </rect>
</background>

<background name="upperright" type="flat">
 <source name="containergfx" left="81" top="163" right="85" bottom="179"/>
 <rect>
  <left num="4" width="1"/>
  <top num="0" height="0"/>
  <right num="0" width="0"/>
  <bottom num="16" height="0"/>
 </rect>
</background>

<background name="upperleft" type="over">
 <source name="containergfx" left="86" top="163" right="90" bottom="179"/>
 <rect>
  <left num="0" width="0"/>
  <top num="0" height="0"/>
  <right num="4" width="0"/>
  <bottom num="16" height="0"/>
 </rect>
</background>

<background name="upper" type="over">
 <source name="containergfx" left="90" top="163" right="94" bottom="179"/>
 <rect>
  <left num="4" width="0"/>
  <top num="0" height="0"/>
  <right num="4" width="1"/>
  <bottom num="16" height="0"/>
 </rect>
</background>

<background name="upperright" type="over">
 <source name="containergfx" left="91" top="163" right="95" bottom="179"/>
 <rect>
  <left num="4" width="1"/>
  <top num="0" height="0"/>
  <right num="0" width="1"/>
  <bottom num="16" height="0"/>
 </rect>
</background>

<background name="upperleft" type="push">
 <source name="containergfx" left="96" top="163" right="100" bottom="179"/>
 <rect>
  <left num="0" width="0"/>
  <top num="0" height="0"/>
  <right num="4" width="0"/>
  <bottom num="16" height="0"/>
 </rect>
</background>

<background name="upper" type="push">
 <source name="containergfx" left="100" top="163" right="104" bottom="179"/>
 <rect>
  <left num="4" width="0"/>
  <top num="0" height="0"/>
  <right num="4" width="1"/>
  <bottom num="16" height="0"/>
 </rect>
</background>

<background name="upperright" type="push">
 <source name="containergfx" left="101" top="163" right="105" bottom="179"/>
 <rect>
  <left num="4" width="1"/>
  <top num="0" height="0"/>
  <right num="0" width="1"/>
  <bottom num="16" height="0"/>
 </rect>
</background>

<background name="upperleft" type="disabled">
 <source name="containergfx" left="106" top="163" right="110" bottom="179"/>
 <rect>
  <left num="0" width="0"/>
  <top num="0" height="0"/>
  <right num="4" width="0"/>
  <bottom num="16" height="0"/>
 </rect>
</background>

<background name="upper" type="disabled">
 <source name="containergfx" left="110" top="163" right="114" bottom="179"/>
 <rect>
  <left num="4" width="0"/>
  <top num="0" height="0"/>
  <right num="4" width="1"/>
  <bottom num="16" height="0"/>
 </rect>
</background>

<background name="upperright" type="disabled">
 <source name="containergfx" left="111" top="163" right="115" bottom="179"/>
 <rect>
  <left num="4" width="1"/>
  <top num="0" height="0"/>
  <right num="0" width="1"/>
  <bottom num="16" height="0"/>
 </rect>
</background>

<icontrol source="taskbar-white" name="text" visible="1">
 <rect>
  <left num="8" width="0"/>
  <right num="8" width="1"/>
  <top num="3" height="0"/>
  <bottom num="3" height="1"/>
 </rect>
</icontrol>

<color name="hover-back"  red="46" green="78" blue="100"/>
<color name="hover-fore"  red="255"   green="255"   blue="255"/>
<color name="select-back" red="46" green="78" blue="100"/>
<color name="select-fore" red="255"   green="255"   blue="255"/>
<color name="normal-back" red="46" green="78" blue="100"/>
<color name="normal-fore" red="255"   green="255"   blue="255"/>

</control>