<!--
Aikon Squared
by: Justin "juzmental" Trevena
eviljuz@optushome.com.au
-->

<control name="templateEditMultiLine" type="edit-multiline">
 <font size="7"/>
 <forecolor red="0" blue="0" green="0"/>
 <cursor name="main" type="move"/>
</control>

<control name="templateEdit" type="edit">
 <font size="7"/>
 <forecolor red="0" blue="0" green="0"/>
 <cursor name="main" type="move"/>
</control>

<control name="templateTopic" type="topic">
 <font size="8"/>
 <forecolor red="0" blue="0" green="0"/>
 <settings	name="alignment"	value="left"/>
 <cursor name="main" type="move"/>
</control>

<control name="templateTopicCentered" type="topic">
 <font size="8"/>
 <forecolor red="0" blue="0" green="0"/>
 <cursor name="main" type="move"/>
</control>		

<control name="templateButton" type="resizeable-button">

<!-- Flat -->

<color red="163" green="215" blue="255" name="flat">  
	<rect>
		<left num="2" width="0"/>
		<right num="2" width="1"/>
		<top num="2" height="0"/>
		<bottom num="2" height="1"/>
	</rect>
</color>

 <background name="upperleft" type="flat"><source name="templatebutt" left="0" top="0" right="6" bottom="6"/>
  <rect>
   <left num="0" width="0"/>
   <top num="0" height="0"/>
   <right num="6" width="0"/>
   <bottom num="6" height="0"/>
  </rect>
 </background>

 <background name="upper" type="flat"><source name="templatebutt" left="6" top="0" right="54" bottom="18"/>
  <rect>
   <left num="6" width="0"/>
   <top num="0" height="0"/>
   <right num="6" width="1"/>
   <bottom num="18" height="0"/>
  </rect>
 </background>

 <background name="upperright" type="flat"><source name="templatebutt" left="54" top="0" right="60" bottom="6"/>
  <rect>
   <left num="6" width="1"/>
   <top num="0" height="0"/>
   <right num="0" width="1"/>
   <bottom num="6" height="0"/>
  </rect>
 </background>

 <background name="left" type="flat"><source name="templatebutt" left="0" top="7" right="6" bottom="13"/>
  <rect>
   <left num="0" width="0"/>
   <top num="6" height="0"/>
   <right num="6" width="1"/>
   <bottom num="6" height="1"/>
  </rect>
 </background>

 <background name="right" type="flat"><source name="templatebutt" left="54" top="7" right="60" bottom="13"/>
  <rect>
   <left num="6" width="1"/>
   <top num="6" height="0"/>
   <right num="0" width="1"/>
   <bottom num="6" height="1"/>
  </rect>
 </background>

 <background name="lowerleft" type="flat"><source name="templatebutt" left="0" top="14" right="6" bottom="20"/>
  <rect>
   <left num="0" width="0"/>
   <top num="6" height="1"/>
   <right num="6" width="0"/>
   <bottom num="0" height="1"/>
  </rect>
 </background>

 <background name="lower" type="flat"><source name="templatebutt" left="6" top="2" right="54" bottom="20"/>
  <rect>
   <left num="6" width="0"/>
   <top num="18" height="1"/>
   <right num="6" width="1"/>
   <bottom num="0" height="1"/>
  </rect>
 </background>

 <background name="lowerright" type="flat"><source name="templatebutt" left="54" top="14" right="60" bottom="20"/>
  <rect>
   <left num="6" width="1"/>
   <top num="6" height="1"/>
   <right num="0" width="1"/>
   <bottom num="0" height="1"/>
  </rect>
 </background>




<!-- Hover -->

<color red="6" green="147" blue="255" name="over">  
	<rect>
		<left num="2" width="0"/>
		<right num="2" width="1"/>
		<top num="2" height="0"/>
		<bottom num="2" height="1"/>
	</rect>
</color>

 <background name="upperleft" type="over"><source name="templatebutthover" left="0" top="0" right="6" bottom="6"/>
  <rect>
   <left num="0" width="0"/>
   <top num="0" height="0"/>
   <right num="6" width="0"/>
   <bottom num="6" height="0"/>
  </rect>
 </background>

 <background name="upper" type="over"><source name="templatebutthover" left="6" top="0" right="54" bottom="18"/>
  <rect>
   <left num="6" width="0"/>
   <top num="0" height="0"/>
   <right num="6" width="1"/>
   <bottom num="18" height="0"/>
  </rect>
 </background>

 <background name="upperright" type="over"><source name="templatebutthover" left="54" top="0" right="60" bottom="6"/>
  <rect>
   <left num="6" width="1"/>
   <top num="0" height="0"/>
   <right num="0" width="1"/>
   <bottom num="6" height="0"/>
  </rect>
 </background>

 <background name="left" type="over"><source name="templatebutthover" left="0" top="7" right="6" bottom="13"/>
  <rect>
   <left num="0" width="0"/>
   <top num="6" height="0"/>
   <right num="6" width="1"/>
   <bottom num="6" height="1"/>
  </rect>
 </background>

 <background name="right" type="over"><source name="templatebutthover" left="54" top="7" right="60" bottom="13"/>
  <rect>
   <left num="6" width="1"/>
   <top num="6" height="0"/>
   <right num="0" width="1"/>
   <bottom num="6" height="1"/>
  </rect>
 </background>

 <background name="lowerleft" type="over"><source name="templatebutthover" left="0" top="14" right="6" bottom="20"/>
  <rect>
   <left num="0" width="0"/>
   <top num="6" height="1"/>
   <right num="6" width="0"/>
   <bottom num="0" height="1"/>
  </rect>
 </background>

 <background name="lower" type="over"><source name="templatebutthover" left="6" top="2" right="54" bottom="20"/>
  <rect>
   <left num="6" width="0"/>
   <top num="18" height="1"/>
   <right num="6" width="1"/>
   <bottom num="0" height="1"/>
  </rect>
 </background>

 <background name="lowerright" type="over"><source name="templatebutthover" left="54" top="14" right="60" bottom="20"/>
  <rect>
   <left num="6" width="1"/>
   <top num="6" height="1"/>
   <right num="0" width="1"/>
   <bottom num="0" height="1"/>
  </rect>
 </background>




<!-- Push -->

<color red="2" green="41" blue="71" name="push">  
	<rect>
		<left num="2" width="0"/>
		<right num="2" width="1"/>
		<top num="2" height="0"/>
		<bottom num="2" height="1"/>
	</rect>
</color>

 <background name="upperleft" type="push"><source name="templatebuttpush" left="0" top="0" right="6" bottom="6"/>
  <rect>
   <left num="0" width="0"/>
   <top num="0" height="0"/>
   <right num="6" width="0"/>
   <bottom num="6" height="0"/>
  </rect>
 </background>

 <background name="upper" type="push"><source name="templatebuttpush" left="6" top="0" right="54" bottom="18"/>
  <rect>
   <left num="6" width="0"/>
   <top num="0" height="0"/>
   <right num="6" width="1"/>
   <bottom num="18" height="0"/>
  </rect>
 </background>

 <background name="upperright" type="push"><source name="templatebuttpush" left="54" top="0" right="60" bottom="6"/>
  <rect>
   <left num="6" width="1"/>
   <top num="0" height="0"/>
   <right num="0" width="1"/>
   <bottom num="6" height="0"/>
  </rect>
 </background>

 <background name="left" type="push"><source name="templatebuttpush" left="0" top="7" right="6" bottom="13"/>
  <rect>
   <left num="0" width="0"/>
   <top num="6" height="0"/>
   <right num="6" width="1"/>
   <bottom num="6" height="1"/>
  </rect>
 </background>

 <background name="right" type="push"><source name="templatebuttpush" left="54" top="7" right="60" bottom="13"/>
  <rect>
   <left num="6" width="1"/>
   <top num="6" height="0"/>
   <right num="0" width="1"/>
   <bottom num="6" height="1"/>
  </rect>
 </background>

 <background name="lowerleft" type="push"><source name="templatebuttpush" left="0" top="14" right="6" bottom="20"/>
  <rect>
   <left num="0" width="0"/>
   <top num="6" height="1"/>
   <right num="6" width="0"/>
   <bottom num="0" height="1"/>
  </rect>
 </background>

 <background name="lower" type="push"><source name="templatebuttpush" left="6" top="2" right="54" bottom="20"/>
  <rect>
   <left num="6" width="0"/>
   <top num="18" height="1"/>
   <right num="6" width="1"/>
   <bottom num="0" height="1"/>
  </rect>
 </background>

 <background name="lowerright" type="push"><source name="templatebuttpush" left="54" top="14" right="60" bottom="20"/>
  <rect>
   <left num="6" width="1"/>
   <top num="6" height="1"/>
   <right num="0" width="1"/>
   <bottom num="0" height="1"/>
  </rect>
 </background>




<!-- Disabled -->

<color red="163" green="215" blue="255" name="flat">  
	<rect>
		<left num="2" width="0"/>
		<right num="2" width="1"/>
		<top num="2" height="0"/>
		<bottom num="2" height="1"/>
	</rect>
</color>

 <background name="upperleft" type="disabled"><source name="templatebuttdisabled" left="0" top="0" right="6" bottom="6"/>
  <rect>
   <left num="0" width="0"/>
   <top num="0" height="0"/>
   <right num="6" width="0"/>
   <bottom num="6" height="0"/>
  </rect>
 </background>

 <background name="upper" type="disabled"><source name="templatebuttdisabled" left="6" top="0" right="54" bottom="18"/>
  <rect>
   <left num="6" width="0"/>
   <top num="0" height="0"/>
   <right num="6" width="1"/>
   <bottom num="18" height="0"/>
  </rect>
 </background>

 <background name="upperright" type="disabled"><source name="templatebuttdisabled" left="54" top="0" right="60" bottom="6"/>
  <rect>
   <left num="6" width="1"/>
   <top num="0" height="0"/>
   <right num="0" width="1"/>
   <bottom num="6" height="0"/>
  </rect>
 </background>

 <background name="left" type="disabled"><source name="templatebuttdisabled" left="0" top="7" right="6" bottom="13"/>
  <rect>
   <left num="0" width="0"/>
   <top num="6" height="0"/>
   <right num="6" width="1"/>
   <bottom num="6" height="1"/>
  </rect>
 </background>

 <background name="right" type="disabled"><source name="templatebuttdisabled" left="54" top="7" right="60" bottom="13"/>
  <rect>
   <left num="6" width="1"/>
   <top num="6" height="0"/>
   <right num="0" width="1"/>
   <bottom num="6" height="1"/>
  </rect>
 </background>

 <background name="lowerleft" type="disabled"><source name="templatebuttdisabled" left="0" top="14" right="6" bottom="20"/>
  <rect>
   <left num="0" width="0"/>
   <top num="6" height="1"/>
   <right num="6" width="0"/>
   <bottom num="0" height="1"/>
  </rect>
 </background>

 <background name="lower" type="disabled"><source name="templatebuttdisabled" left="6" top="2" right="54" bottom="20"/>
  <rect>
   <left num="6" width="0"/>
   <top num="18" height="1"/>
   <right num="6" width="1"/>
   <bottom num="0" height="1"/>
  </rect>
 </background>

 <background name="lowerright" type="disabled"><source name="templatebuttdisabled" left="54" top="14" right="60" bottom="20"/>
  <rect>
   <left num="6" width="1"/>
   <top num="6" height="1"/>
   <right num="0" width="1"/>
   <bottom num="0" height="1"/>
  </rect>
 </background>


 <icontrol source="dark-c-text" name="text" visible="1">
  <rect>
   <left num="6" width="0"/>
   <top num="4" height="0"/>
   <right num="6" width="1"/>
   <bottom num="4" height="1"/>
  </rect>
 </icontrol>

</control>

