<!--
Aikon Squared
by: Justin "juzmental" Trevena
eviljuz@optushome.com.au
-->

<control name="progress" type="progress"> 
 <background name="background"> <source name="transfergfx" left="0" top="17" right="246" bottom="33"/> &zero; </background>  <!-- BG -->
 <background name="0">  <source name="transfergfx" left="0" top="164" right="103" bottom="187"/> &zero;	</background> <!-- 0 -->
 <background name="7">  <source name="transfergfx" left="0" top="187" right="103" bottom="210"/> &zero;	</background> <!-- 1 -->
 <background name="14"> <source name="transfergfx" left="0" top="210" right="103" bottom="233"/> &zero;	</background> <!-- 2 -->
 <background name="21"> <source name="transfergfx" left="0" top="233" right="103" bottom="256"/> &zero;	</background> <!-- 3 -->
 <background name="28"> <source name="transfergfx" left="0" top="256" right="103" bottom="279"/> &zero;	</background> <!-- 4 -->
 <background name="35"> <source name="transfergfx" left="0" top="279" right="103" bottom="302"/> &zero;	</background> <!-- 5 -->
 <background name="42"> <source name="transfergfx" left="0" top="302" right="103" bottom="325"/> &zero;	</background> <!-- 6 -->
 <background name="49"> <source name="transfergfx" left="0" top="325" right="103" bottom="348"/> &zero;	</background> <!-- 7 -->
 <background name="56"> <source name="transfergfx" left="0" top="348" right="103" bottom="371"/> &zero;	</background> <!-- 8 -->
 <background name="63"> <source name="transfergfx" left="0" top="371" right="103" bottom="394"/> &zero;	</background> <!-- 9 -->
 <background name="70"> <source name="transfergfx" left="0" top="394" right="103" bottom="417"/> &zero;	</background> <!-- 10-->
 <background name="77"> <source name="transfergfx" left="0" top="417" right="103" bottom="440"/> &zero;	</background> <!-- 11-->
 <background name="84"> <source name="transfergfx" left="0" top="440" right="103" bottom="463"/> &zero;	</background> <!-- 12-->
 <background name="91"> <source name="transfergfx" left="0" top="463" right="103" bottom="486"/> &zero;	</background> <!-- 13-->
 <background name="98"><source name="transfergfx" left="0" top="486" right="103" bottom="509"/> &zero;	</background> <!-- 14-->
 <background name="100"><source name="transfergfx" left="0" top="509" right="103" bottom="532"/> &zero;	</background> <!-- 15-->
</control>

