<resize type="all">
 <rtype type="upperleft">
  <region type="rectangle" combinetype="or">
   <rect>
    <left num="0" width="0"/>
    <right num="20" width="0"/>
    <top num="0" height="0"/>
    <bottom num="20" height="0"/>
   </rect>
  </region>
 </rtype>
 <rtype type="upperright">
  <region type="rectangle" combinetype="or">
   <rect>
    <left num="20" width="1"/>
    <right num="0" width="1"/>
    <top num="0" height="0"/>
    <bottom num="20" height="0"/>
   </rect>
  </region>
 </rtype>
 <rtype type="upper">
  <region type="rectangle" combinetype="or">
   <rect>
    <left num="20" width="0"/>
    <right num="20" width="1"/>
    <top num="0" height="0"/>
    <bottom num="5" height="0"/>
   </rect>
  </region>
 </rtype>
 <rtype type="right">
  <region type="rectangle" combinetype="or">
   <rect>
    <left num="20" width="1"/>
    <right num="0" width="1"/>
    <top num="20" height="0"/>
    <bottom num="20" height="1"/>
   </rect>
  </region>
 </rtype>

 <rtype type="left">
  <region type="rectangle" combinetype="or">
   <rect>
    <left num="0" width="0"/>
    <right num="20" width="0"/>
    <top num="20" height="0"/>
    <bottom num="20" height="1"/>
   </rect>
  </region>
 </rtype>

 <rtype type="lowerleft">
  <region type="rectangle" combinetype="or">
   <rect>
    <left num="0" width="0"/>
    <right num="20" width="0"/>
    <top num="20" height="1"/>
    <bottom num="0" height="1"/>
   </rect>
  </region>
 </rtype>

 <rtype type="lowerright">
  <region type="rectangle" combinetype="or">
   <rect>
    <left num="20" width="1"/>
    <right num="0" width="1"/>
    <top num="20" height="1"/>
    <bottom num="0" height="1"/>
   </rect>
  </region>
 </rtype>
 <rtype type="lower">
  <region type="rectangle" combinetype="or">
   <rect>
    <left num="20" width="0"/>
    <right num="20" width="1"/>
    <top num="20" height="1"/>
    <bottom num="0" height="1"/>
   </rect>
  </region>
 </rtype>
</resize>