<version Trillian="0.70"/>

<!--
Aikon Squared
by: Justin "juzmental" Trevena
eviljuz@optushome.com.au
-->


<skindesc 
 name="Aikon2" 
 author="juzmental"
 email="eviljuz@optushome.com.au"
/>

<!-- Template window -->
<component name="template" minx="260" miny="170" defaultx="260" defaulty="170">
<mainregion usebitmap="1"></mainregion>
&resize;

<!-- IMAGES -->

<background name="upperleft" transred="255" transgreen="0" transblue="255">
 <source name="templategfx" left="0" top="0" right="163" bottom="46"/>
 <rect>
  <left num="0" width="0"/>
  <top num="0" height="0"/>
  <right num="163" width="0"/>
  <bottom num="46" height="0"/>
 </rect>
</background>

<background name="upper">
 <source name="templategfx" left="164" top="0" right="191" bottom="46"/>
 <rect>
  <left num="163" width="0"/>
  <top num="0" height="0"/>
  <right num="58" width="1"/>
  <bottom num="46" height="0"/>
 </rect>
</background>

<background name="upperright" transred="255" transgreen="0" transblue="255">
 <source name="templategfx" left="196" top="0" right="254" bottom="46"/>
 <rect>
  <left num="58" width="1"/>
  <top num="0" height="0"/>
  <right num="0" width="1"/>
  <bottom num="46" height="0"/>
 </rect>
</background>

<background name="left">
 <source name="templategfx" left="0" top="54" right="32" bottom="75"/>
 <rect>
  <left num="0" width="0"/>
  <top num="46" height="0"/>
  <right num="32" width="0"/>
  <bottom num="0" height="1"/>
 </rect>
</background>

<background name="right">
 <source name="templategfx" left="222" top="54" right="254" bottom="75"/>
 <rect>
  <left num="32" width="1"/>
  <top num="46" height="0"/>
  <right num="0" width="1"/>
  <bottom num="0" height="1"/>
 </rect>
</background>

<background name="lowerleft" transred="255" transgreen="0" transblue="255">
 <source name="templategfx" left="0" top="124" right="39" bottom="157"/>
 <rect>
  <left num="0" width="0"/>
  <top num="33" height="1"/>
  <right num="39" width="0"/>
  <bottom num="0" height="1"/>
 </rect>
</background>

<background name="lower">
 <source name="templategfx" left="59" top="124" right="98" bottom="157"/>
 <rect>
  <left num="39" width="0"/>
  <top num="33" height="1"/>
  <right num="29" width="1"/>
  <bottom num="0" height="1"/>
 </rect>
</background>

<background name="lowerright">
 <source name="templategfx" left="222" top="127" right="254" bottom="157"/>
 <rect>
  <left num="32" width="1"/>
  <top num="30" height="1"/>
  <right num="0" width="1"/>
  <bottom num="0" height="1"/>
 </rect>
</background>

<!-- blank background colour -->
<color red="165" green="183" blue="143">  
 <rect>
  <left num="27" width="0"/>
  <top num="33" height="0"/>
  <right num="24" width="1"/>
  <bottom num="25" height="1"/>
 </rect>
</color>


<!-- ICONTROLS -->

<!-- Hide Button-->
<icontrol source="close" name="close" visible="1">
 <rect>
  <left num="36" width="1"/>
  <top num="1" height="0"/>
  <right num="21" width="1"/>
  <bottom num="19" height="0"/>
 </rect>
</icontrol>

<!-- Minimize Button -->
<icontrol source="minimize" name="minimize" visible="1">
 <rect>
  <left num="52" width="1"/>
  <top num="0" height="0"/>
  <right num="37" width="1"/>
  <bottom num="19" height="0"/>
 </rect>
</icontrol>

<icontrol source="boundary" name="boundary" visible="1"> 
  <rect>
   <left num="25" width="0"/>
   <top num="33" height="0"/> 
   <right num="23" width="1"/>
   <bottom num="25" height="1"/> 
 </rect>
</icontrol>

<icontrol source="username-white" name="windowName" visible="1">
  <rect>
   <left num="38" width="0"/>
   <top num="9" height="0"/>
   <right num="80" width="1"/>
   <bottom num="25" height="0"/>
  </rect>
</icontrol>


</component>