<!--
Aikon Squared
by: Justin "juzmental" Trevena
eviljuz@optushome.com.au
-->



<component name="filetransfer-in" minx="250" miny="163" maxy="163" defaultx="250" defaulty="163">
<mainregion usebitmap="1"></mainregion>
&resize;

<background name="upperleft" transred="255" transgreen="0" transblue="255">
 <source name="transfergfx" left="226" top="0" right="351" bottom="115"/>
 <rect>
  <left num="0" width="0"/>
  <top num="0" height="0"/>
  <right num="125" width="0"/>
  <bottom num="115" height="0"/>
 </rect>
</background>

<background name="upper" transred="255" transgreen="0" transblue="255">
 <source name="transfergfx" left="125" top="0" right="155" bottom="115"/>
 <rect>
  <left num="125" width="0"/>
  <top num="0" height="0"/>
  <right num="71" width="1"/>
  <bottom num="115" height="0"/>
 </rect>
</background>


<background name="upperright" transred="255" transgreen="0" transblue="255">
 <source name="transfergfx" left="155" top="0" right="226" bottom="115"/>
 <rect>
  <left num="71" width="1"/>
  <top num="0" height="0"/>
  <right num="0" width="1"/>
  <bottom num="115" height="0"/>
 </rect>
</background>

<background name="lowerleft" transred="255" transgreen="0" transblue="255">
 <source name="transfergfx" left="0" top="115" right="86" bottom="163"/>
 <rect>
  <left num="0" width="0"/>
  <top num="115" height="0"/>
  <right num="86" width="0"/>
  <bottom num="0" height="1"/>
 </rect>
</background>

<background name="lower" transred="255" transgreen="0" transblue="255">
 <source name="transfergfx" left="86" top="115" right="87" bottom="163"/>
 <rect>
  <left num="86" width="0"/>
  <top num="115" height="0"/>
  <right num="139" width="1"/>
  <bottom num="0" height="1"/>
 </rect>
</background>

<background name="lowerright" transred="255" transgreen="0" transblue="255">
 <source name="transfergfx" left="87" top="115" right="226" bottom="163"/>
 <rect>
  <left num="139" width="1"/>
  <top num="115" height="0"/>
  <right num="0" width="1"/>
  <bottom num="0" height="1"/>
 </rect>
</background>


<!-- Window Name -->
<!-- <icontrol source="username-white" name="windowName" visible="1">
 <rect>
  <left num="45" width="0"/>
  <top num="9" height="0"/>
  <right num="80" width="1"/>
  <bottom num="25" height="0"/>
 </rect>
</icontrol> -->



<!-- File From/To -->
<icontrol source="xfer-sender" name="xfer-sender" visible="1">
 <rect>
  <left num="23" width="0"/>
  <top num="29" height="0"/>
  <right num="82" width="0"/>
  <bottom num="45" height="0"/>
 </rect>
</icontrol>

<icontrol source="username-white" name="remoteScreenName" visible="1">
 <rect>
  <left num="85" width="0"/>
  <top num="29" height="0"/>
  <right num="20" width="1"/>
  <bottom num="45" height="0"/>
 </rect>
</icontrol>

<!-- Filename -->
<icontrol source="xfer-file" name="xfer-file" visible="1">
 <rect>
  <left num="23" width="0"/>
  <top num="46" height="0"/>
  <right num="82" width="0"/>
  <bottom num="62" height="0"/>
 </rect>
</icontrol>

<icontrol source="username-white" name="FileName" visible="1">
 <rect>
  <left num="85" width="0"/>
  <top num="46" height="0"/>
  <right num="20" width="1"/>
  <bottom num="62" height="0"/>
 </rect>
</icontrol>

<!-- Filesize -->
<icontrol source="xfer-filesize" name="xfer-filesize" visible="1">
 <rect>
  <left num="23" width="0"/>
  <top num="63" height="0"/>
  <right num="82" width="0"/>
  <bottom num="79" height="0"/>
 </rect>
</icontrol>

<icontrol source="username-white" name="fileSize" visible="1">
 <rect>
  <left num="85" width="0"/>
  <top num="63" height="0"/>
  <right num="20" width="1"/>
  <bottom num="79" height="0"/>
 </rect>
</icontrol>

<!-- Bytes Progress -->
<icontrol source="xfer-received" name="xfer-received" visible="1">
 <rect>
  <left num="23" width="0"/>
  <top num="80" height="0"/>
  <right num="82" width="0"/>
  <bottom num="96" height="0"/>
 </rect>
</icontrol>


<icontrol source="username-white" name="bytesProgress" visible="1">
 <rect>
  <left num="85" width="0"/>
  <top num="80" height="0"/>
  <right num="61" width="1"/>
  <bottom num="96" height="0"/>
 </rect>
</icontrol>

<!-- Percentage -->
<icontrol source="username-white" name="percentage" visible="1">
 <rect>
  <left num="59" width="1"/>
  <top num="80" height="0"/>
  <right num="20" width="1"/>
  <bottom num="96" height="0"/>
 </rect>
</icontrol>

<!-- Speed -->
<icontrol source="xfer-speed" name="xfer-speed" visible="1">
 <rect>
  <left num="23" width="0"/>
  <top num="97" height="0"/>
  <right num="82" width="0"/>
  <bottom num="113" height="0"/>
 </rect>
</icontrol>

<icontrol source="username-white" name="kbytesperSecond" visible="1">
 <rect>
  <left num="85" width="0"/>
  <top num="97" height="0"/>
  <right num="20" width="1"/>
  <bottom num="113" height="0"/>
 </rect>
</icontrol>


<!-- Window Close -->
<icontrol source="msg-close" name="close" visible="1">
 <rect>
  <left num="35" width="1"/>
  <top num="0" height="0"/>
  <right num="19" width="1"/>
  <bottom num="19" height="0"/>
 </rect>
</icontrol>

<!-- Window Hide -->
<icontrol source="hide2" name="hide" visible="1">
 <rect>
  <left num="51" width="1"/>
  <top num="0" height="0"/>
  <right num="35" width="1"/>
  <bottom num="19" height="0"/>
 </rect>
</icontrol>


<!-- Window Maximise -->
<icontrol source="msg-maximize" name="maximize" visible="1">
 <rect>
  <left num="65" width="1"/>
  <top num="0" height="0"/>
  <right num="51" width="1"/>
  <bottom num="19" height="0"/>
 </rect>
</icontrol>

<!-- Window Minimise -->
<icontrol source="msg-minimize" name="minimize" visible="1">
 <rect>
  <left num="82" width="1"/>
  <top num="0" height="0"/>
  <right num="66" width="1"/>
  <bottom num="19" height="0"/>
 </rect>
</icontrol>

<icontrol source="xferexplore" name="explore" visible="1">
 <rect>
  <left num="12" width="0"/>
  <top num="138" height="0"/>
  <right num="48" width="0"/>
  <bottom num="156" height="0"/>
 </rect>
</icontrol>

<icontrol source="xferexecute" name="execute" visible="1">
 <rect>
  <left num="50" width="0"/>
  <top num="138" height="0"/>
  <right num="86" width="0"/>
  <bottom num="156" height="0"/>
 </rect>
</icontrol>


<!-- Progress Bar -->
<icontrol source="progress" name="progress" visible="1">
 <rect>
  <left num="123" width="1"/>
  <top num="118" height="0"/>
  <right num="20" width="1"/>
  <bottom num="141" height="0"/>
 </rect>
</icontrol>


<!-- Medium Status -->
<!-- <icontrol source="medium-status" name="medium" visible="1">
 <rect>
  <left num="20" width="0"/>
  <top num="8" height="0"/>
  <right num="38" width="0"/>
  <bottom num="26" height="0"/>
 </rect>
</icontrol> -->


</component>
