<?xml version="1.0" encoding="US-ASCII"?>
<!DOCTYPE test SYSTEM "trillian.dtd">

<!-- Aikon Squared (Aikon2)
     ~~~~~~~~~~~~~~~~~~~~~~
by Justin 'juzmental' Trevena

The sequel to the original Aikon Blue, released for Trillian 0.635.
Now featuring extra squeezy, bouncy pixels for all your pixel fixations.

Thanks must go to:

Nokia - for the obvious influence. :)
Md - for the tutorial
Tychoquad - for the ever present "Is it done yet?"

-->

<trillian>

<skindesc 
 name="Aikon Squared" 
 author="juzmental"
 email="eviljuz@optushome.com.au"
 tomato_sambos="2"
/>

&files;
&contactlist;
&connections;
&urlgrabber;
&messagewindow-msn;
&messagewindow-msn-buddy;
&messagewindow-aim;
&messagewindow-aim-buddy;
&messagewindow-icq;
&messagewindow-icq-buddy;
&messagewindow-yahoo;
&messagewindow-yahoo-buddy;
&container;
&channel;
&transfer;
&transfer-in;
&template;
&console;
&console-irc;
&trill;
&alerts;
&menus;
&compact;

<prefs>
 &prefs;
 &yourstatusicons;

 <control name="colors" type="colors">
  <colors file="colours.ini"/>
 </control>

 <control name="emoticons" type="emoticons">
  &emotes;
 </control>
</prefs>


<!-- Contact List Assignment -->
<window type="Contact List" layout="no" source="contactlist" phase="default"  taskbar="trillian-icon"/>
<window type="Contact List" layout="no" source="connectionlist" phase="connections"  taskbar="trillian-icon"/>
<window type="Contact List" layout="no" source="urllist" phase="urls"  taskbar="trillian-icon"/>
<window type="Contact List" layout="no" source="trill" phase="trill"  taskbar="trillian-icon"/>
<window type="Contact List" layout="no" source="compact" phase="compact"  taskbar="trillian-icon"/>

<!-- Message Window Assignment -->
<window name="icq"   type="privmsg" source="message-icq"       phase="icq-nobuddy" taskbar="icq-icon"/>
<window name="icq"   type="privmsg" source="message-icq-buddy" phase="icq-buddy"   taskbar="icq-icon"/>

<window name="msn"   type="privmsg" source="message-msn"       phase="msn-nobuddy" taskbar="msn-icon"/>
<window name="msn"   type="privmsg" source="message-msn-buddy" phase="msn-buddy"   taskbar="msn-icon"/>

<window name="aim"   type="privmsg" source="message-aim-buddy" phase="aim-buddy"   taskbar="aim-icon"/>
<window name="aim"   type="privmsg" source="message-aim"       phase="aim-nobuddy" taskbar="aim-icon"/>

<window name="yahoo" type="privmsg" source="message-yahoo"       phase="yahoo-nobuddy" taskbar="yahoo-icon"/>
<window name="yahoo" type="privmsg" source="message-yahoo-buddy" phase="yahoo-buddy"   taskbar="yahoo-icon"/>

<window name="irc"   type="privmsg" source="message-icq"       phase="icq-nobuddy" taskbar="irc-icon"/>
<window name="irc"   type="privmsg" source="message-icq-buddy" phase="icq-buddy"   taskbar="irc-icon"/>

<!-- Container Assignment -->
<window type="container" source="container" taskbar="trillian-icon"/>

<!-- Template Assignment -->
<window name="all" type="template" source="template" taskbar="trillian-icon"/>

<!-- Channel Window -->
<window name="all" type="channel" source="channel" taskbar="irc-icon"/>

<!-- Console Assignment -->
<window name="icq"   type="console" source="connectionconsole" taskbar="icq-icon"/>
<window name="msn"   type="console" source="connectionconsole" taskbar="msn-icon"/>
<window name="aim"   type="console" source="connectionconsole" taskbar="aim-icon"/>
<window name="yahoo" type="console" source="connectionconsole" taskbar="yahoo-icon"/>
<window name="irc"   type="console" source="connectionconsole-irc" taskbar="irc-icon"/>

<!-- File Transfer Assignment -->
<window name="all" type="File Transfer Inbound"  source="filetransfer-in" taskbar="file-icon"/>
<window name="all" type="File Transfer Outbound" source="filetransfer" taskbar="file-icon"/>

<taskbaricon name="trillian-icon" file="icons/trillian.ico"/>
<taskbaricon name="container-icon" file="icons/trillian.ico" />
<taskbaricon name="irc-icon"      file="icons/irc.ico"/>
<taskbaricon name="channel-icon"     file="icons/irc.ico"/>
<taskbaricon name="aim-icon"      file="icons/aim.ico"/>
<taskbaricon name="icq-icon"      file="icons/icq.ico"/>
<taskbaricon name="msn-icon"      file="icons/msn.ico"/>
<taskbaricon name="yahoo-icon"    file="icons/yahoo.ico"/>
<taskbaricon name="file-icon"     file="icons/file.ico"/>








</trillian>
