<!--
Aikon Squared
by: Justin "juzmental" Trevena
eviljuz@optushome.com.au
-->

<icon type="urlgrabber" state="normal">
 <source name="urlicons" left="0" top="0" right="21" bottom="17"/>
</icon>
<icon type="urlgrabber" state="select">
 <source name="urlicons-selected" left="0" top="0" right="21" bottom="17"/>
</icon>
<icon type="urlgrabber" state="hover">
 <source name="urlicons-hover" left="0" top="0" right="21" bottom="17"/>
</icon>
<icon type="web" state="normal">
 <source name="urlicons" left="0" top="17" right="21" bottom="34"/>
</icon>
<icon type="web" state="select">
 <source name="urlicons-selected" left="0" top="17" right="21" bottom="34"/>
</icon>
<icon type="web" state="hover">
 <source name="urlicons-hover" left="0" top="17" right="21" bottom="34"/>
</icon>

