<version Trillian="0.70"/>

<!--
Aikon Squared
by: Justin "juzmental" Trevena
eviljuz@optushome.com.au
-->


<skindesc 
 name="Aikon2" 
 author="juzmental"
 email="eviljuz@optushome.com.au"
 cans_on_desk="46"
/>

<!-- Main Url Grabber List window -->
<component name="urllist" minx="160" miny="160" defaultx="160" defaulty="160">
<mainregion usebitmap="1"></mainregion>
&resize;

<!-- IMAGES -->

<background name="upperleft" transred="255" transgreen="0" transblue="255">
 <source name="contactlistgfx" left="0" top="0" right="88" bottom="49"/>
 <rect>
  <left num="0" width="0"/>
  <top num="0" height="0"/>
  <right num="88" width="0"/>
  <bottom num="49" height="0"/>
 </rect>
</background>

<background name="upper">
 <source name="contactlistgfx" left="88" top="0" right="100" bottom="49"/>
 <rect>
  <left num="88" width="0"/>
  <top num="0" height="0"/>
  <right num="56" width="1"/>
  <bottom num="49" height="0"/>
 </rect>
</background>

<background name="upperright" transred="255" transgreen="0" transblue="255">
 <source name="contactlistgfx" left="100" top="0" right="156" bottom="49"/>
 <rect>
  <left num="56" width="1"/>
  <top num="0" height="0"/>
  <right num="0" width="1"/>
  <bottom num="49" height="0"/>
 </rect>
</background>

<background name="left">
 <source name="contactlistgfx" left="0" top="49" right="32" bottom="86"/>
 <rect>
  <left num="0" width="0"/>
  <top num="49" height="0"/>
  <right num="32" width="0"/>
  <bottom num="59" height="1"/>
 </rect>
</background>

<background name="right">
 <source name="contactlistgfx" left="124" top="49" right="156" bottom="86"/>
 <rect>
  <left num="32" width="1"/>
  <top num="49" height="0"/>
  <right num="0" width="1"/>
  <bottom num="59" height="1"/>
 </rect>
</background>

<background name="lowerleft" transred="255" transgreen="0" transblue="255">
 <source name="contactlistgfx" left="0" top="86" right="39" bottom="145"/>
 <rect>
  <left num="0" width="0"/>
  <top num="59" height="1"/>
  <right num="39" width="0"/>
  <bottom num="0" height="1"/>
 </rect>
</background>

<background name="lower">
 <source name="contactlistgfx" left="59" top="86" right="98" bottom="145"/>
 <rect>
  <left num="39" width="0"/>
  <top num="59" height="1"/>
  <right num="39" width="1"/>
  <bottom num="0" height="1"/>
 </rect>
</background>

<background name="lowerright" transred="255" transgreen="0" transblue="255">
 <source name="contactlistgfx" left="117" top="86" right="156" bottom="145"/>
 <rect>
  <left num="39" width="1"/>
  <top num="59" height="1"/>
  <right num="0" width="1"/>
  <bottom num="0" height="1"/>
 </rect>
</background>

<!-- ICONTROLS -->

<!-- Hide Button-->
<icontrol source="close" name="hide" visible="1">
 <rect>
  <left num="37" width="1"/>
  <top num="1" height="0"/>
  <right num="21" width="1"/>
  <bottom num="19" height="0"/>
 </rect>
</icontrol>

<!-- Minimize Button -->
<icontrol source="minimize" name="minimize" visible="1">
 <rect>
  <left num="53" width="1"/>
  <top num="0" height="0"/>
  <right num="37" width="1"/>
  <bottom num="19" height="0"/>
 </rect>
</icontrol>

<!-- Trillian Button -->
<icontrol source="tb" name="trillian-button" visible="1"> 
 <rect> 
  <left num="13" width="0"/> 
  <top num="33" height="1"/> 
  <right num="38" width="0"/> 
  <bottom num="7" height="1"/> 
 </rect> 
</icontrol>

<!-- Url Grabber List -->
<icontrol source="url-list" name="my stuff" visible="1">
 <rect>
  <left num="22" width="0"/>
  <top num="40" height="0"/>
  <right num="32" width="1"/>
  <bottom num="49" height="1"/>
 </rect>
</icontrol>

<!-- Scroll Bar -->
<icontrol source="scrollup-console" name="scrollup-mystuff" visible="1">
 <rect>
  <left num="32" width="1"/>
  <top num="40" height="0"/>
  <right num="19" width="1"/>
  <bottom num="53" height="0"/>
 </rect>
</icontrol>
<icontrol source="scroll-console" name="scrollbar-mystuff" visible="1">
 <rect>
  <left num="32" width="1"/>
  <top num="42" height="0"/>
  <right num="19" width="1"/>
  <bottom num="61" height="1"/>
 </rect>
</icontrol>
<icontrol source="scrolldown-console" name="scrolldown-mystuff" visible="1">
 <rect>
  <left num="32" width="1"/>
  <top num="61" height="1"/>
  <right num="19" width="1"/>
  <bottom num="48" height="1"/>
 </rect>
</icontrol>

<!-- Medium Icons (Server Status Buttons on contact list) -->
<icontrol source="medium-icons" name="iconholder" visible="1">
 <rect>
  <left num="120" width="1"/>
  <top num="28" height="1"/>
  <right num="20" width="1"/>
  <bottom num="6" height="1"/>
 </rect>
</icontrol>

<!-- Event Button (Incoming events) -->
<icontrol source="event" name="event-button" visible="1"> 
 <rect> 
  <left num="23" width="0"/> 
  <top num="28" height="0"/> 
  <right num="38" width="0"/> 
  <bottom num="38" height="0"/> 
 </rect> 
</icontrol>

<!-- Phase Contacts -->
<icontrol source="phase-contacts" name="phase-contacts" visible="1">
 <rect>
  <left num="42" width="0"/>
  <top num="29" height="0"/>
  <right num="57" width="0"/>
  <bottom num="37" height="0"/>
 </rect>
</icontrol>

<!-- Phase Connections -->
<icontrol source="phase-connections" name="phase-connections" visible="1">
 <rect>
  <left num="57" width="0"/>
  <top num="29" height="0"/>
  <right num="78" width="0"/>
  <bottom num="37" height="0"/>
 </rect>
</icontrol>

<!-- Phase URLs -->
<icontrol source="phase-urls" name="phase-urls" visible="1">
 <rect>
  <left num="78" width="0"/>
  <top num="29" height="0"/>
  <right num="98" width="0"/>
  <bottom num="37" height="0"/>
 </rect>
</icontrol>

<!-- Phase Compact -->
<icontrol source="phase-compact" name="phase-compact" visible="1">
 <rect>
  <left num="32" width="1"/>
  <top num="29" height="0"/>
  <right num="21" width="1"/>
  <bottom num="37" height="0"/>
 </rect>
</icontrol>

<!-- Away -->
<icontrol source="globalaway" name="global-status" visible="1">
 <rect>
  <left num="98" width="0"/>
  <top num="29" height="0"/>
  <right num="109" width="0"/>
  <bottom num="37" height="0"/>
 </rect>
</icontrol>


</component>